"","salinity","temperature","oxygen","fluo"
"780446",33.643,11.246,6.06,0.28330122870355
"780448",33.75,11.227,6.11,0.269512944217916
"780451",33.729,11.22,6.1,0.307496037913213
"780453",33.729,11.231,6.11,0.276461804173244
"780455",33.798,11.229,6.07,0.271841606536499
"780457",33.781,11.233,6.16,0.276461804173244
"780460",33.829,11.228,6.13,0.287801729930226
"780463",33.86,11.228,6.13,0.267171728403014
"780466",33.889,11.24,6.05,0.27415784926368
"780469",33.603,11.216,6.12,0.278753600952829
"780472",33.629,11.22,6.09,0.292256071356476
"780474",33.696,11.228,6.05,0.318063334962762
"780477",33.649,11.212,5.96,0.24551266781415
"780479",33.637,11.217,6.04,0.292256071356476
"780481",33.571,11.196,5.98,0.267171728403014
"780483",33.605,11.196,6.07,0.267171728403014
"780485",33.566,11.193,5.83,0.276461804173244
"780487",33.538,11.189,5.99,0.28330122870355
"780489",33.543,11.183,6,0.292256071356476
"780492",33.455,11.169,5.83,0.252853030979893
"780494",33.482,11.18,5.93,0.252853030979893
"780496",33.47,11.183,6.05,0.220108088040055
"780498",32.936,11.246,6.06,0.294466226161593
"780501",33.088,11.252,6.02,0.292256071356476
"780504",33.123,11.235,5.96,0.290034611362518
"780507",33.16,11.233,6.04,0.227886704613674
"780510",33.137,11.242,6,0.230448921378274
"780513",33.122,11.255,5.89,0.222716471147583
"780515",33.182,11.236,5.91,0.217483944213906
"780518",33.232,11.234,6.08,0.214843848047698
"780521",33.234,11.239,6.02,0.209515014542631
"780523",33.345,11.227,5.99,0.167317334748176
"780525",33.403,11.217,5.98,0.243038048686294
"780527",33.457,11.223,6.04,0.170261715394957
"780530",33.48,11.37,6.22,0.198657086954423
"780532",33.472,11.422,6.23,0.170261715394957
"780535",33.536,11.392,6.18,0.176091259055681
"780538",33.584,11.396,6.19,0.190331698170291
"780540",33.777,11.322,6.16,0.187520720836463
"780542",33.706,11.423,6.17,0.195899652409234
"780544",33.704,11.377,6.08,0.190331698170291
"780547",33.847,11.351,6.07,0.184691430817599
"780549",33.813,11.362,6.18,0.184691430817599
"780551",33.649,11.352,6.11,0.217483944213906
"780553",33.794,11.283,6.02,0.220108088040055
"780555",33.821,11.285,6.02,0.195899652409234
"780558",33.68,11.301,6.07,0.220108088040055
"780561",33.574,11.325,5.82,0.250420002308894
"780563",33.577,11.334,6.05,0.222716471147583
"780565",33.552,11.342,5.91,0.281033367247728
"780568",33.545,11.349,6.03,0.27415784926368
"780570",33.542,11.341,6.04,0.276461804173244
"780572",33.543,11.342,6.1,0.281033367247728
"780574",33.318,11.351,5.9,0.340444114840118
"780576",33.332,11.346,6.08,0.363611979892144
"780578",33.313,11.345,5.92,0.326335860928751
"780580",33.267,11.351,5.85,0.287801729930226
"780582",33.246,11.349,5.93,0.352182518111362
"780584",33.248,11.345,6,0.285557309007774
"780586",33.217,11.353,5.84,0.354108439147401
"780588",33.226,11.351,5.8,0.369215857410143
"780590",33.21,11.353,5.59,0.354108439147401
"780592",33.288,11.353,5.98,0.326335860928751
"780594",33.26,11.344,6.04,0.305351369446624
"780596",33.3,11.337,6,0.322219294733919
"780598",33.405,11.319,6.03,0.269512944217916
"780600",33.475,11.305,6.07,0.28330122870355
"780602",33.664,11.276,6.05,0.255272505103306
"780604",33.653,11.268,5.96,0.301029995663981
"780607",33.635,11.269,5.94,0.296665190261531
"780610",33.537,11.273,6.02,0.290034611362518
"780613",33.554,11.264,6.01,0.294466226161593
"780615",33.77,11.236,6,0.267171728403014
"780617",33.711,11.248,5.95,0.24551266781415
"780619",33.778,11.232,6.02,0.271841606536499
"780622",33.727,11.237,6.03,0.264817823009536
"780625",33.795,11.238,5.96,0.201397124320451
"780628",33.843,11.234,5.91,0.217483944213906
"780631",33.858,11.231,6,0.243038048686294
"780635",33.785,11.235,6.08,0.301029995663981
"780637",33.728,11.245,5.94,0.262451089730429
"780639",33.817,11.241,5.97,0.235528446907549
"780642",33.601,11.261,6.02,0.264817823009536
"780644",33.494,11.282,5.88,0.320146286111054
"780647",33.462,11.271,5.81,0.324282455297693
"780649",33.468,11.274,5.97,0.250420002308894
"780651",33.409,11.268,6.05,0.281033367247728
"780653",33.149,11.293,6.07,0.303196057420489
"780656",33.046,11.304,5.9,0.294466226161593
"780658",32.907,11.305,5.91,0.220108088040055
"780660",32.897,11.309,5.99,0.222716471147583
"780662",32.857,11.307,5.88,0.262451089730429
"780664",32.834,11.306,5.93,0.28330122870355
"780666",32.792,11.316,5.95,0.247973266361807
"780668",32.766,11.324,6.05,0.260071387985075
"780672",32.746,11.337,6.03,0.264817823009536
"780675",32.837,11.32,5.92,0.250420002308894
"780677",32.843,11.332,5.92,0.220108088040055
"780679",32.838,11.367,6.04,0.193124598354462
"780682",32.95,11.347,6.1,0.225309281725863
"780685",32.992,11.345,6.02,0.232996110392154
"780687",33.104,11.341,6.04,0.201397124320451
"780689",33.25,11.324,6.06,0.235528446907549
"780692",33.24,11.395,6.08,0.198657086954423
"780694",33.356,11.336,5.99,0.220108088040055
"780696",33.393,11.344,6.03,0.201397124320451
"780698",33.466,11.326,6.07,0.198657086954423
"780701",33.579,11.343,6.08,0.195899652409234
"780704",33.696,11.298,5.98,0.15836249209525
"780706",33.561,11.375,6.02,0.176091259055681
"780708",33.777,11.29,6.02,0.187520720836463
"780711",33.786,11.301,6.06,0.225309281725863
"780713",33.699,11.367,5.93,0.184691430817599
"780715",33.916,11.296,5.9,0.184691430817599
"780718",33.842,11.305,6.02,0.170261715394957
"780720",33.661,11.496,6.16,0.230448921378274
"780722",33.559,11.361,5.9,0.214843848047698
"780725",33.744,11.302,5.81,0.184691430817599
"780728",32.76,11.516,6.17,0.294466226161593
"780731",32.907,11.454,6.13,0.309630167425899
"780733",32.751,11.513,6.16,0.340444114840118
"780736",32.696,11.515,5.95,0.311753861055754
"780738",32.595,11.515,6.12,0.378397900948138
"780740",32.471,11.542,6.22,0.382017042574868
"780744",32.373,11.556,5.92,0.389166084364532
"780746",31.831,11.586,6.18,0.374748346010104
"780748",31.622,11.633,6.23,0.459392487759231
"780750",31.58,11.637,6.23,0.44870631990508
"780753",31.656,11.626,6.11,0.434568904034199
"780755",31.911,11.606,5.87,0.437750562820388
"780758",31.248,11.637,6.14,0.501059262217751
"780760",30.488,11.69,6.02,0.52244423350632
"780763",30.426,11.658,5.94,0.380211241711606
"780765",31.203,11.64,5.97,0.41161970596323
"780767",29.763,11.664,6.22,0.468347330412157
"780769",32.035,11.499,5.97,0.394451680826216
"780771",32.629,11.438,5.87,0.292256071356476
"780773",31.664,11.516,5.95,0.390935107103379
"780775",31.927,11.519,6.01,0.332438459915605
"780777",33.504,11.32,5.85,0.303196057420489
"780780",33.291,11.338,5.73,0.285557309007774
"780783",33.525,11.311,5.83,0.271841606536499
"780786",33.42,11.334,5.89,0.262451089730429
"780789",33.284,11.334,5.93,0.292256071356476
"780791",33.211,11.327,5.73,0.264817823009536
"780793",33.212,11.321,5.73,0.281033367247728
"780795",33.375,11.317,5.79,0.225309281725863
"780797",33.553,11.291,5.85,0.230448921378274
"780799",33.393,11.29,5.74,0.225309281725863
"780802",33.724,11.29,5.86,0.250420002308894
"780804",33.694,11.291,5.94,0.193124598354462
"780806",32.696,11.273,6.05,0.322219294733919
"780808",30.904,11.411,6.19,0.352182518111362
"780811",31.173,11.385,6.15,0.340444114840118
"780813",29.055,11.403,6.29,0.372912002970107
"780815",30.61,11.398,6.11,0.367355921026019
"780818",30.217,11.379,6.04,0.303196057420489
"780820",30.844,11.371,5.98,0.346352974450639
"780822",30.864,11.363,5.97,0.346352974450639
"780825",30.977,11.348,5.89,0.352182518111362
"780827",29.083,11.367,6.23,0.322219294733919
"780829",29.092,11.359,5.97,0.348304863048161
"780832",29.176,11.342,6.18,0.267171728403014
"780834",28.624,11.396,6.28,0.340444114840118
"780836",28.935,11.37,6.12,0.313867220369153
"780839",28.102,11.39,6.2,0.271841606536499
"780841",27.894,11.403,6.28,0.313867220369153
"780844",27.035,11.432,6.32,0.318063334962762
"780847",27.504,11.426,6.25,0.334453751150931
"780849",27.37,11.439,6.3,0.313867220369153
"780852",27.386,11.461,6.37,0.342422680822206
"780855",27.498,11.477,6.49,0.252853030979893
"780857",30.179,11.458,6.12,0.262451089730429
"780859",31.613,11.439,6.01,0.198657086954423
"780861",29.985,11.521,6.21,0.235528446907549
"780863",30.11,11.589,6.13,0.281033367247728
"780866",30.739,11.586,6.13,0.235528446907549
"780869",32.76,11.375,5.88,0.178976947293169
"780872",32.892,11.374,6.12,0.220108088040055
"780874",32.735,11.439,6.13,0.184691430817599
"780876",32.744,11.421,5.94,0.190331698170291
"780878",32.816,11.42,5.94,0.204119982655925
"780881",33.074,11.432,6.07,0.178976947293169
"780883",33.488,11.387,6.12,0.176091259055681
"780886",33.636,11.383,5.87,0.167317334748176
"780888",33.394,11.417,5.88,0.178976947293169
"780890",33.274,11.487,6.05,0.15836249209525
"780892",33.106,11.6,6.13,0.209515014542631
"780895",33.34,11.576,5.95,0.187520720836463
"780897",33.002,11.631,6,0.201397124320451
"780899",31.602,11.701,6.25,0.307496037913213
"780902",30.647,11.835,6.37,0.340444114840118
"780904",31.401,11.762,6.22,0.367355921026019
"780907",31.256,11.799,6.08,0.40823996531185
"780909",31.417,11.816,6.09,0.376576957056512
"780911",31.616,11.791,6.18,0.378397900948138
"780913",31.771,11.729,6.22,0.356025857193123
"780915",32.001,11.688,6.23,0.348304863048161
"780917",31.565,11.731,6.26,0.385606273598312
"780920",31.455,11.715,6.21,0.418301291319745
"780922",31.486,11.733,6.17,0.404833716619938
"780924",31.443,11.691,6.08,0.406540180433955
"780926",31.44,11.711,6.14,0.394451680826216
"780929",31.423,11.699,6.16,0.320146286111054
"780931",31.576,11.689,5.96,0.328379603438738
"780933",31.67,11.705,6.05,0.301029995663981
"780935",32.105,11.567,6.01,0.340444114840118
"780937",32.419,11.515,6.03,0.311753861055754
"780939",32.425,11.509,5.93,0.313867220369153
"780941",32.63,11.457,5.97,0.303196057420489
"780943",32.603,11.442,6.06,0.305351369446624
"780945",32.884,11.43,6.09,0.298853076409707
"780947",33.101,11.399,5.9,0.250420002308894
"780949",33.364,11.36,5.79,0.230448921378274
"780951",33.158,11.375,5.93,0.285557309007774
"780954",33.278,11.342,5.85,0.276461804173244
"780956",33.37,11.348,5.81,0.257678574869184
"780958",33.613,11.312,5.85,0.271841606536499
"780960",33.661,11.331,5.97,0.264817823009536
"780962",33.488,11.345,6.01,0.264817823009536
"780964",33.404,11.273,5.84,0.260071387985075
"780967",33.514,11.297,5.84,0.220108088040055
"780970",33.706,11.285,5.87,0.243038048686294
"780972",33.865,11.288,5.93,0.238046103128795
"780974",33.772,11.291,5.77,0.222716471147583
"780977",33.395,11.284,6.02,0.264817823009536
"780979",31.99,11.425,6.17,0.340444114840118
"780981",31.589,11.408,6.2,0.326335860928751
"780984",31.217,11.39,6.22,0.352182518111362
"780987",31.725,11.364,6.01,0.348304863048161
"780989",31.557,11.364,6.05,0.357934847000454
"780992",32.512,11.36,6.15,0.309630167425899
"780994",32.555,11.361,6.13,0.287801729930226
"780996",32.373,11.353,6.05,0.307496037913213
"780999",31.536,11.375,6.2,0.301029995663981
"781001",31.632,11.386,6.21,0.296665190261531
"781003",31.744,11.386,6.2,0.262451089730429
"781005",31.748,11.402,6.09,0.262451089730429
"781008",31.774,11.386,6.16,0.250420002308894
"781012",31.776,11.38,6.15,0.278753600952829
"781015",30.933,11.414,6.18,0.350248018334163
"781018",29.999,11.54,6.26,0.313867220369153
"781020",30.39,11.527,6.26,0.294466226161593
"781023",32.09,11.449,6.18,0.225309281725863
"781026",31.691,11.49,6.21,0.217483944213906
"781028",32.743,11.414,5.84,0.217483944213906
"781031",32.821,11.424,6.02,0.195899652409234
"781033",32.852,11.443,6.07,0.195899652409234
"781035",33.165,11.423,6.06,0.176091259055681
"781038",33.215,11.443,5.97,0.176091259055681
"781040",33.246,11.451,5.84,0.181843587944773
"781042",33.383,11.524,6.03,0.170261715394957
"781044",32.975,11.559,6.09,0.164352855784437
"781046",33.447,11.464,5.91,0.198657086954423
"781048",33.818,11.506,6,0.20682587603185
"781050",33.841,11.4,5.96,0.235528446907549
"781053",33.737,11.499,6.13,0.225309281725863
"781055",33.847,11.427,5.93,0.247973266361807
"781057",33.755,11.516,6.04,0.187520720836463
"781059",33.218,11.528,6.13,0.214843848047698
"781062",33.459,11.448,6.03,0.257678574869184
"781064",31.986,11.72,6.23,0.294466226161593
"781066",32.879,11.576,5.95,0.303196057420489
"781068",32.747,11.634,6.15,0.344392273685111
"781070",32.757,11.607,6.2,0.334453751150931
"781073",32.563,11.648,6.23,0.33645973384853
"781075",32.615,11.618,6.22,0.328379603438738
"781078",32.793,11.566,6.18,0.332438459915605
"781080",32.483,11.643,6.22,0.414973347970818
"781082",32.586,11.624,6.09,0.352182518111362
"781084",32.55,11.62,6.13,0.404833716619938
"781086",32.446,11.642,6.2,0.383815365980431
"781088",32.444,11.623,6.19,0.401400540781544
"781090",32.282,11.637,6.12,0.396199347095736
"781092",32.194,11.662,6.22,0.416640507338281
"781095",32.195,11.661,6.22,0.409933123331295
"781097",32.136,11.672,6.19,0.437750562820388
"781099",32.085,11.661,6.15,0.429752280002408
"781101",31.982,11.664,5.94,0.416640507338281
"781103",32.255,11.628,5.95,0.383815365980431
"781106",32.36,11.611,5.97,0.399673721481038
"781108",32.566,11.539,5.87,0.340444114840118
"781110",32.67,11.522,5.85,0.357934847000454
"781112",33.021,11.48,5.82,0.322219294733919
"781116",33.083,11.461,5.94,0.303196057420489
"781119",33.162,11.449,5.71,0.281033367247728
"781121",33.304,11.44,5.71,0.296665190261531
"781123",33.364,11.417,5.83,0.292256071356476
"781125",33.482,11.4,5.87,0.315970345456918
"781128",33.722,11.39,5.71,0.298853076409707
"781130",33.8,11.354,5.8,0.301029995663981
"781132",33.823,11.364,5.78,0.28330122870355
"781135",33.67,11.359,5.83,0.340444114840118
"781137",33.879,11.34,5.72,0.287801729930226
"781139",33.862,11.331,5.83,0.330413773349191
"781142",33.724,11.337,6.03,0.303196057420489
"781144",33.428,11.38,6.05,0.294466226161593
"781146",33.543,11.385,5.94,0.294466226161593
"781148",33.189,11.436,5.98,0.305351369446624
"781150",32.974,11.454,6.09,0.315970345456918
"781153",32.85,11.47,6.04,0.376576957056512
"781155",32.701,11.486,6.17,0.313867220369153
"781157",32.699,11.48,6.17,0.271841606536499
"781160",32.682,11.482,6.14,0.292256071356476
"781162",32.679,11.482,6.16,0.287801729930226
"781164",32.706,11.479,6.09,0.307496037913213
"781166",32.698,11.477,6.02,0.287801729930226
"781169",32.622,11.492,6.16,0.290034611362518
"781173",32.697,11.487,6.1,0.27415784926368
"781175",32.76,11.459,6.02,0.290034611362518
"781178",32.64,11.493,6.12,0.276461804173244
"781180",32.454,11.508,6.18,0.298853076409707
"781182",32.541,11.52,6.06,0.315970345456918
"781184",32.533,11.519,6.08,0.276461804173244
"781186",32.421,11.536,6.17,0.290034611362518
"781189",32.343,11.553,6.1,0.324282455297693
"781191",32.44,11.542,6.13,0.298853076409707
"781194",32.516,11.538,5.99,0.318063334962762
"781196",32.741,11.514,6.05,0.267171728403014
"781198",32.787,11.518,6.13,0.262451089730429
"781200",32.973,11.493,6.14,0.328379603438738
"781203",33.161,11.467,5.95,0.307496037913213
"781206",33.326,11.453,5.97,0.28330122870355
"781209",33.472,11.448,6.03,0.262451089730429
"781212",33.161,11.473,6.06,0.303196057420489
"781214",33.445,11.451,5.89,0.278753600952829
"781217",33.425,11.434,5.84,0.267171728403014
"781219",33.653,11.436,6,0.315970345456918
"781221",33.425,11.462,6.03,0.28330122870355
"781223",33.487,11.423,5.91,0.307496037913213
"781226",33.516,11.456,5.95,0.311753861055754
"781228",33.461,11.462,6.08,0.257678574869184
"781232",33.667,11.423,6.06,0.305351369446624
"781234",33.272,11.463,6.06,0.390935107103379
"781236",33.437,11.441,5.93,0.307496037913213
"781238",33.409,11.434,6.09,0.322219294733919
"781240",33.14,11.482,6.08,0.357934847000454
"781242",33.124,11.482,6.04,0.3654879848909
"781244",33.196,11.469,6.17,0.33645973384853
"781246",33.16,11.474,6.19,0.359835482339888
"781248",33.039,11.493,6.19,0.369215857410143
"781251",33.051,11.49,6.18,0.409933123331295
"781253",33.174,11.467,6.14,0.394451680826216
"781255",33.088,11.472,6.16,0.403120521175818
"781257",33.105,11.471,6.12,0.40823996531185
"781259",33.084,11.458,6.02,0.414973347970818
"781261",33.09,11.465,6.1,0.394451680826216
"781264",33.043,11.468,6.05,0.371067862271736
"781266",32.892,11.493,6.15,0.413299764081252
"781268",32.821,11.501,6.17,0.406540180433955
"781270",32.802,11.509,6.16,0.396199347095736
"781272",32.673,11.513,6.08,0.44870631990508
"781276",32.943,11.465,6.08,0.352182518111362
"781278",32.964,11.46,6.06,0.376576957056512
"781281",32.997,11.463,5.99,0.376576957056512
"781283",33.461,11.427,5.98,0.354108439147401
"781287",33.489,11.419,6.1,0.3654879848909
"781289",33.334,11.42,6.05,0.344392273685111
"781291",33.349,11.419,5.95,0.342422680822206
"781294",33.396,11.42,5.97,0.332438459915605
"781296",33.52,11.414,6.04,0.326335860928751
"781299",33.513,11.414,5.98,0.378397900948138
"781301",33.608,11.404,5.95,0.322219294733919
"781303",33.785,11.379,5.92,0.348304863048161
"781306",33.813,11.402,5.95,0.33645973384853
"781308",33.763,11.38,5.97,0.311753861055754
"781311",33.777,11.375,5.9,0.320146286111054
"781314",33.569,11.412,5.95,0.334453751150931
"781316",33.606,11.404,6,0.344392273685111
"781318",33.567,11.41,6,0.348304863048161
"781320",33.461,11.412,6.11,0.309630167425899
"781322",33.437,11.417,6.09,0.294466226161593
"781325",33.419,11.416,6.11,0.292256071356476
"781328",33.406,11.42,6.12,0.271841606536499
"781331",33.356,11.425,6.12,0.285557309007774
"781333",33.48,11.411,6.04,0.294466226161593
"781335",33.29,11.435,6.12,0.271841606536499
"781338",33.355,11.45,6.03,0.262451089730429
"781341",33.267,11.455,5.99,0.294466226161593
"781343",33.165,11.47,6.14,0.232996110392154
"781346",33.156,11.516,6.15,0.24551266781415
"781348",33.114,11.522,6.19,0.290034611362518
"781350",33.151,11.535,6.13,0.294466226161593
"781352",32.951,11.569,6.19,0.262451089730429
"781355",32.937,11.577,6.17,0.24551266781415
"781357",32.751,11.634,6.15,0.257678574869184
"781359",32.715,11.653,6.12,0.247973266361807
"781362",32.906,11.645,5.92,0.260071387985075
"781364",33.066,11.608,6.1,0.243038048686294
"781367",33.049,11.724,6.22,0.287801729930226
"781369",33.029,11.699,6.1,0.267171728403014
"781371",33.098,11.693,6.03,0.281033367247728
"781373",33.38,11.519,6.08,0.271841606536499
"781376",33.506,11.567,6.11,0.222716471147583
"781378",33.407,11.591,6.14,0.287801729930226
"781381",33.428,11.677,6.22,0.230448921378274
"781384",33.498,11.69,6.26,0.267171728403014
"781387",33.515,11.764,6.32,0.278753600952829
"781389",33.646,11.692,6.14,0.292256071356476
"781391",33.856,11.495,5.99,0.243038048686294
"781393",33.636,11.693,6.19,0.28330122870355
"781396",33.699,11.6,6.15,0.28330122870355
"781399",33.734,11.597,5.96,0.269512944217916
"781401",33.863,11.519,5.9,0.318063334962762
"781403",33.544,11.542,6.03,0.322219294733919
"781405",33.688,11.529,5.95,0.313867220369153
"781407",33.68,11.519,5.91,0.309630167425899
"781410",33.655,11.519,6.08,0.332438459915605
"781412",33.583,11.534,6.15,0.3654879848909
"781415",33.576,11.539,6.17,0.346352974450639
"781418",33.538,11.535,6.16,0.372912002970107
"781420",33.554,11.527,6.01,0.380211241711606
"781422",33.376,11.538,6.14,0.376576957056512
"781424",33.515,11.525,6.12,0.403120521175818
"781426",33.547,11.52,5.88,0.3654879848909
"781429",33.378,11.562,6.17,0.357934847000454
"781431",33.473,11.524,6.11,0.334453751150931
"781433",33.458,11.519,6.13,0.372912002970107
"781435",33.468,11.494,6.06,0.369215857410143
"781437",33.471,11.504,6.1,0.389166084364532
"781439",33.362,11.529,6.14,0.344392273685111
"781441",33.232,11.572,5.92,0.40823996531185
"781443",33.13,11.579,6.08,0.413299764081252
"781445",33.023,11.586,6.05,0.389166084364532
"781448",33.171,11.571,6.06,0.389166084364532
"781451",33.229,11.472,6.08,0.419955748489758
"781454",33.231,11.491,6.01,0.344392273685111
"781456",33.246,11.488,6,0.326335860928751
"781458",33.244,11.502,6.08,0.372912002970107
"781461",33.522,11.499,6.04,0.354108439147401
"781463",33.399,11.465,6.03,0.359835482339888
"781465",33.392,11.463,5.82,0.342422680822206
"781468",33.424,11.457,5.94,0.359835482339888
"781470",33.501,11.444,5.95,0.334453751150931
"781472",33.568,11.443,5.93,0.322219294733919
"781475",33.627,11.426,5.84,0.320146286111054
"781478",33.556,11.434,5.95,0.340444114840118
"781480",33.79,11.399,5.94,0.367355921026019
"781482",33.782,11.392,5.83,0.324282455297693
"781485",33.791,11.4,5.9,0.326335860928751
"781488",33.798,11.399,6.02,0.334453751150931
"781490",33.657,11.406,6,0.338456493604605
"781493",33.665,11.378,5.85,0.28330122870355
"781495",33.593,11.47,6.12,0.292256071356476
"781497",33.459,11.488,6.11,0.305351369446624
"781499",33.489,11.479,6.1,0.305351369446624
"781502",33.494,11.474,6.12,0.281033367247728
"781504",33.521,11.479,6.13,0.264817823009536
"781506",33.5,11.488,6.13,0.296665190261531
"781509",33.554,11.479,6.09,0.322219294733919
"781512",33.563,11.481,6.01,0.227886704613674
"781514",33.508,11.501,6.09,0.225309281725863
"781516",33.333,11.562,6.18,0.243038048686294
"781519",33.428,11.625,6.32,0.252853030979893
"781521",33.434,11.559,6.02,0.257678574869184
"781524",33.276,11.614,6.15,0.222716471147583
"781526",33.006,11.66,6.19,0.235528446907549
"781528",32.926,11.719,6.24,0.209515014542631
"781530",32.81,11.743,6.2,0.238046103128795
"781533",32.847,11.757,5.98,0.212187604403958
"781535",32.9,11.745,6.17,0.269512944217916
"781537",33.011,11.732,6.15,0.271841606536499
"781540",33.075,11.827,6.14,0.24551266781415
"781542",33.111,11.825,6.01,0.247973266361807
"781545",33.116,11.855,6.2,0.257678574869184
"781547",33.162,11.797,6.24,0.296665190261531
"781549",33.433,11.652,6.15,0.269512944217916
"781552",33.312,11.78,6.26,0.252853030979893
"781555",33.544,11.723,6.21,0.305351369446624
"781557",33.526,11.764,6.18,0.313867220369153
"781559",33.565,11.825,6.1,0.271841606536499
"781562",33.589,11.746,6.14,0.298853076409707
"781564",33.559,11.837,6.28,0.27415784926368
"781567",33.71,11.762,6.23,0.28330122870355
"781569",33.787,11.709,6,0.303196057420489
"781572",33.693,11.817,6.07,0.298853076409707
"781575",33.86,11.633,6.11,0.309630167425899
"781577",33.754,11.64,6.08,0.356025857193123
"781579",33.687,11.629,5.99,0.354108439147401
"781581",33.709,11.651,6.07,0.359835482339888
"781583",33.643,11.621,6.13,0.389166084364532
"781585",33.611,11.624,6.05,0.40823996531185
"781587",33.557,11.644,6.19,0.403120521175818
"781589",33.553,11.644,6.11,0.41161970596323
"781591",33.535,11.644,6.19,0.392696953259666
"781593",33.654,11.612,6.15,0.416640507338281
"781595",33.506,11.643,6.19,0.363611979892144
"781598",33.584,11.608,6.02,0.387389826338729
"781600",33.587,11.606,6.13,0.367355921026019
"781602",33.377,11.655,6.19,0.401400540781544
"781605",33.396,11.649,6.11,0.359835482339888
"781608",33.292,11.677,6.15,0.394451680826216
"781610",33.313,11.67,6.11,0.342422680822206
"781612",33.343,11.652,6.11,0.376576957056512
"781615",33.319,11.649,6.05,0.318063334962762
"781617",33.203,11.671,6.1,0.396199347095736
"781620",33.184,11.687,6.14,0.431363764158987
"781623",33.234,11.669,6.15,0.392696953259666
"781625",33.262,11.669,6.02,0.346352974450639
"781627",33.332,11.646,6.04,0.348304863048161
"781630",33.288,11.597,6.07,0.363611979892144
"781633",33.302,11.6,6.1,0.413299764081252
"781635",33.304,11.601,6.03,0.340444114840118
"781637",33.592,11.585,5.97,0.378397900948138
"781639",33.316,11.565,6.05,0.3654879848909
"781641",33.441,11.562,5.82,0.387389826338729
"781644",33.62,11.555,5.79,0.330413773349191
"781647",33.617,11.548,5.75,0.350248018334163
"781649",33.617,11.539,5.98,0.352182518111362
"781652",33.721,11.523,5.99,0.326335860928751
"781655",33.82,11.505,5.87,0.320146286111054
"781658",33.882,11.486,5.77,0.371067862271736
"781660",33.761,11.474,5.95,0.330413773349191
"781662",33.727,11.484,5.87,0.318063334962762
"781664",33.741,11.503,5.84,0.307496037913213
"781667",33.704,11.533,5.84,0.292256071356476
"781669",33.653,11.556,5.97,0.307496037913213
"781672",33.615,11.558,6.13,0.292256071356476
"781675",33.596,11.554,6.12,0.278753600952829
"781677",33.605,11.56,6.13,0.281033367247728
"781679",33.61,11.564,6.14,0.264817823009536
"781682",33.619,11.563,6.14,0.294466226161593
"781685",33.688,11.552,5.96,0.264817823009536
"781687",33.649,11.585,6.17,0.247973266361807
"781689",33.672,11.584,6.12,0.238046103128795
"781692",33.514,11.621,6.18,0.220108088040055
"781694",33.481,11.661,6.24,0.260071387985075
"781696",33.397,11.68,6.21,0.227886704613674
"781698",33.436,11.723,6.26,0.232996110392154
"781701",33.313,11.751,6.3,0.243038048686294
"781703",33.331,11.793,6.34,0.227886704613674
"781705",33.163,11.774,6.22,0.247973266361807
"781707",33.088,11.797,6.17,0.250420002308894
"781710",33.08,11.815,6.05,0.252853030979893
"781712",33.122,11.795,6.08,0.260071387985075
"781714",33.246,11.789,6.13,0.250420002308894
"781716",33.277,11.883,6.23,0.262451089730429
"781719",33.261,11.893,6.27,0.267171728403014
"781722",33.263,11.904,6.16,0.290034611362518
"781724",33.32,11.816,5.99,0.320146286111054
"781726",33.575,11.779,6.19,0.290034611362518
"781729",33.359,11.94,6.44,0.290034611362518
"781731",33.597,11.813,6.27,0.33645973384853
"781733",33.689,11.824,6.1,0.311753861055754
"781735",33.653,11.831,6.25,0.352182518111362
"781737",33.679,11.902,6.3,0.313867220369153
"781740",33.832,11.735,6.1,0.328379603438738
"781742",33.874,11.74,6.01,0.313867220369153
"781745",33.874,11.769,6.16,0.33645973384853
"781747",33.749,11.847,6.23,0.359835482339888
"781750",33.757,11.802,6.06,0.372912002970107
"781752",33.795,11.723,6.05,0.342422680822206
"781754",33.751,11.695,6.06,0.383815365980431
"781756",33.72,11.688,6.16,0.390935107103379
"781759",33.656,11.702,6.1,0.447158031342219
"781762",33.605,11.724,6.21,0.432969290874406
"781765",33.643,11.712,6.22,0.385606273598312
"781767",33.635,11.716,6.16,0.44870631990508
"781769",33.614,11.724,6.23,0.436162647040756
"781772",33.645,11.713,6.06,0.423245873936808
"781774",33.595,11.727,6.21,0.40823996531185
"781776",33.625,11.712,6.11,0.424881636631067
"781779",33.654,11.7,6.03,0.380211241711606
"781781",33.59,11.708,6,0.390935107103379
"781783",33.615,11.688,6.11,0.378397900948138
"781785",33.621,11.69,6.12,0.390935107103379
"781788",33.632,11.692,6.1,0.369215857410143
"781791",33.353,11.758,6.1,0.421603926869831
"781793",33.004,11.81,6.22,0.429752280002408
"781796",33.068,11.819,6.21,0.45178643552429
"781798",33.134,11.804,6.12,0.413299764081252
"781801",33.288,11.759,5.98,0.403120521175818
"781804",33.344,11.75,6.15,0.418301291319745
"781807",33.3,11.725,6.15,0.399673721481038
"781809",33.321,11.716,6.06,0.369215857410143
"781812",33.357,11.72,6.04,0.332438459915605
"781814",33.351,11.711,6.05,0.285557309007774
"781816",33.535,11.661,6.1,0.372912002970107
"781819",33.543,11.666,5.89,0.372912002970107
"781821",33.56,11.655,5.75,0.359835482339888
"781823",33.692,11.637,5.94,0.399673721481038
"781826",33.694,11.633,5.95,0.369215857410143
"781829",33.751,11.609,5.99,0.372912002970107
"781831",33.772,11.6,5.93,0.363611979892144
"781833",33.767,11.596,5.9,0.320146286111054
"781836",33.731,11.59,5.97,0.332438459915605
"781838",33.843,11.573,5.92,0.320146286111054
"781840",33.866,11.576,5.98,0.281033367247728
"781842",33.796,11.612,6.09,0.305351369446624
"781845",33.754,11.628,6.12,0.320146286111054
"781848",33.697,11.638,6.16,0.296665190261531
"781851",33.635,11.655,6.14,0.294466226161593
"781853",33.665,11.661,6.17,0.307496037913213
"781856",33.663,11.664,6.16,0.287801729930226
"781859",33.593,11.683,6.18,0.296665190261531
"781861",33.622,11.687,6.19,0.260071387985075
"781865",33.636,11.697,6.19,0.267171728403014
"781867",33.671,11.699,6.19,0.255272505103306
"781869",33.56,11.752,6.25,0.269512944217916
"781871",33.63,11.747,6.1,0.290034611362518
"781874",33.555,11.82,6.28,0.307496037913213
"781876",33.52,11.796,6.23,0.271841606536499
"781878",33.442,11.837,6.24,0.287801729930226
"781881",33.409,11.874,6.07,0.301029995663981
"781884",33.319,11.927,6.39,0.276461804173244
"781886",33.137,11.94,6.04,0.322219294733919
"781888",33.138,11.938,5.95,0.296665190261531
"781890",33.162,11.952,5.94,0.313867220369153
"781892",33.202,11.941,6.1,0.326335860928751
"781894",33.291,11.927,6.23,0.361727836017593
"781896",33.335,11.954,6.22,0.344392273685111
"781898",33.435,11.889,6.17,0.332438459915605
"781900",33.387,11.924,6.28,0.363611979892144
"781902",33.682,11.788,6.15,0.332438459915605
"781905",33.671,11.789,6.2,0.33645973384853
"781908",33.743,11.796,6.21,0.338456493604605
"781910",33.745,11.81,6.25,0.352182518111362
"781914",33.773,11.807,6.18,0.374748346010104
"781916",33.819,11.817,6.07,0.382017042574868
"781918",33.82,11.783,6.02,0.361727836017593
"781920",33.927,11.73,6.16,0.390935107103379
"781923",33.901,11.729,6.1,0.383815365980431
"781925",33.95,11.723,5.98,0.3654879848909
"781927",33.858,11.764,5.98,0.401400540781544
"781929",33.961,11.726,6.06,0.423245873936808
"781932",33.807,11.75,6.13,0.45178643552429
"781934",33.833,11.75,6,0.396199347095736
"781936",33.889,11.717,6.09,0.434568904034199
"781938",33.865,11.724,6.11,0.445604203273598
"781940",33.818,11.74,6.05,0.450249108319361
"781942",33.779,11.762,6.23,0.423245873936808
"781944",33.706,11.765,6.24,0.397940008672038
"781946",33.682,11.782,6.24,0.424881636631067
"781948",33.743,11.77,6.2,0.352182518111362
"781950",33.697,11.774,6.22,0.414973347970818
"781952",33.749,11.755,6.12,0.397940008672038
"781955",33.663,11.78,6.2,0.436162647040756
"781957",33.587,11.804,6.19,0.450249108319361
"781959",33.612,11.799,6.01,0.414973347970818
"781961",33.493,11.84,6.23,0.416640507338281
"781963",33.442,11.84,6.22,0.419955748489758
"781966",33.432,11.842,6.2,0.426511261364575
"781968",33.432,11.842,6.16,0.423245873936808
"781970",33.419,11.844,6.01,0.429752280002408
"781972",33.413,11.849,6.11,0.423245873936808
"781975",33.479,11.828,6.13,0.423245873936808
"781977",33.533,11.809,6.09,0.41161970596323
"781980",33.566,11.804,6.04,0.367355921026019
"781983",33.548,11.81,6.1,0.344392273685111
"781985",33.559,11.801,6.14,0.382017042574868
"781988",33.666,11.766,6.01,0.396199347095736
"781991",33.768,11.78,6.03,0.394451680826216
"781994",33.666,11.81,6.01,0.385606273598312
"781996",33.785,11.763,6.06,0.387389826338729
"781998",33.744,11.777,6.01,0.369215857410143
"782002",33.892,11.739,6.08,0.374748346010104
"782005",33.926,11.722,6.06,0.367355921026019
"782007",33.866,11.744,6.07,0.338456493604605
"782009",33.908,11.733,6.07,0.328379603438738
"782012",33.844,11.747,6,0.3654879848909
"782015",33.871,11.745,5.91,0.322219294733919
"782017",33.901,11.741,6.12,0.342422680822206
"782020",33.89,11.744,6.05,0.332438459915605
"782023",33.853,11.755,6.15,0.344392273685111
"782025",33.833,11.766,6.17,0.311753861055754
"782028",33.819,11.774,6.19,0.298853076409707
"782030",33.824,11.79,6.21,0.328379603438738
"782032",33.84,11.78,6.1,0.334453751150931
"782035",33.774,11.795,6.2,0.3654879848909
"782037",33.776,11.812,6.17,0.367355921026019
"782039",33.762,11.831,6.23,0.28330122870355
"782041",33.784,11.866,6.19,0.27415784926368
"782043",33.739,11.884,6.24,0.276461804173244
"782045",33.752,11.91,6.24,0.262451089730429
"782047",33.707,11.922,6.23,0.27415784926368
"782050",33.684,11.923,6.25,0.296665190261531
"782052",33.675,11.949,6.14,0.285557309007774
"782054",33.676,11.959,6.17,0.285557309007774
"782056",33.658,11.965,6.15,0.318063334962762
"782058",33.686,11.973,6.16,0.3654879848909
"782060",33.711,12.068,6.27,0.356025857193123
"782062",33.707,12.051,6.28,0.363611979892144
"782065",33.718,12.037,6.22,0.372912002970107
"782067",33.716,12.005,6.22,0.385606273598312
"782069",33.763,11.948,6.22,0.371067862271736
"782071",33.77,11.996,6.29,0.361727836017593
"782074",33.779,12.023,6.29,0.409933123331295
"782076",33.892,11.937,6.3,0.392696953259666
"782079",33.895,11.961,6.2,0.369215857410143
"782081",33.898,11.963,6.27,0.423245873936808
"782083",33.967,11.878,6.2,0.383815365980431
"782085",34.024,11.858,6.15,0.361727836017593
"782088",34.058,11.837,6.14,0.40823996531185
"782090",33.984,11.85,6.19,0.429752280002408
"782093",34.022,11.778,6.09,0.423245873936808
"782095",34.059,11.759,6.06,0.424881636631067
"782098",34.04,11.77,6.05,0.418301291319745
"782100",34.031,11.773,6.03,0.453318340047038
"782102",34.016,11.774,6.08,0.432969290874406
"782104",33.956,11.796,6.2,0.416640507338281
"782106",33.95,11.789,6.19,0.387389826338729
"782108",33.959,11.783,6.09,0.399673721481038
"782111",33.917,11.795,6.12,0.397940008672038
"782114",33.749,11.837,6.18,0.432969290874406
"782117",33.746,11.834,6.2,0.403120521175818
"782119",33.755,11.825,6.19,0.406540180433955
"782122",33.717,11.824,6.17,0.413299764081252
"782124",33.697,11.829,6.12,0.45484486000851
"782126",33.694,11.828,5.94,0.406540180433955
"782128",33.705,11.822,6.04,0.416640507338281
"782130",33.753,11.804,6.07,0.390935107103379
"782133",33.771,11.769,6.11,0.363611979892144
"782136",33.771,11.776,6.09,0.372912002970107
"782139",33.77,11.788,6.07,0.367355921026019
"782141",33.84,11.794,6.1,0.3654879848909
"782144",33.85,11.793,6.15,0.383815365980431
"782147",33.933,11.779,6.12,0.380211241711606
"782149",33.862,11.773,6,0.340444114840118
"782151",33.85,11.769,6,0.367355921026019
"782153",33.907,11.768,6.07,0.390935107103379
"782155",33.901,11.748,6.06,0.356025857193123
"782157",33.966,11.751,6.06,0.338456493604605
"782160",34.027,11.735,6.06,0.305351369446624
"782163",34.032,11.738,6.09,0.328379603438738
"782165",33.972,11.74,6.08,0.361727836017593
"782167",34.049,11.737,6.03,0.334453751150931
"782169",34.007,11.739,6.03,0.301029995663981
"782171",33.943,11.753,6.12,0.330413773349191
"782174",33.941,11.758,6.07,0.342422680822206
"782177",33.975,11.762,6.05,0.346352974450639
"782179",33.961,11.771,6.03,0.330413773349191
"782181",33.94,11.776,6.17,0.334453751150931
"782184",33.922,11.782,6.12,0.356025857193123
"782186",33.916,11.78,6.18,0.313867220369153
"782188",33.93,11.785,6.15,0.311753861055754
"782191",33.915,11.796,6.19,0.332438459915605
"782194",33.893,11.801,6.2,0.315970345456918
"782196",33.906,11.812,6.13,0.305351369446624
"782199",33.902,11.822,6.11,0.330413773349191
"782201",33.859,11.824,6.19,0.346352974450639
"782203",33.865,11.828,6.09,0.350248018334163
"782205",33.874,11.828,6.13,0.348304863048161
"782208",33.835,11.828,6.12,0.357934847000454
"782210",33.825,11.827,6.15,0.371067862271736
"782212",33.787,11.828,6.15,0.380211241711606
"782214",33.771,11.841,6.17,0.382017042574868
"782217",33.774,11.837,6.06,0.372912002970107
"782219",33.806,11.833,6.18,0.380211241711606
"782221",33.831,11.835,6.21,0.413299764081252
"782223",33.824,11.834,6.18,0.367355921026019
"782225",33.813,11.836,6.16,0.399673721481038
"782227",33.814,11.832,6.18,0.378397900948138
"782231",33.786,11.83,6.19,0.382017042574868
"782233",33.778,11.825,6.16,0.414973347970818
"782235",33.736,11.842,6.23,0.399673721481038
"782237",33.603,11.828,6.17,0.371067862271736
"782240",33.691,11.831,6.17,0.372912002970107
"782242",33.79,11.816,6.16,0.390935107103379
"782244",33.788,11.81,6.13,0.413299764081252
"782246",33.836,11.801,6.14,0.389166084364532
"782249",33.701,11.819,6.1,0.396199347095736
"782251",33.762,11.813,6.05,0.397940008672038
"782253",33.776,11.809,6.04,0.404833716619938
"782255",33.865,11.791,6.09,0.392696953259666
"782257",33.884,11.788,6.07,0.392696953259666
"782259",33.787,11.801,6.01,0.392696953259666
"782261",33.791,11.789,5.98,0.401400540781544
"782263",33.926,11.773,6.07,0.416640507338281
"782265",33.918,11.774,6.07,0.376576957056512
"782267",33.937,11.771,6.12,0.406540180433955
"782269",33.907,11.773,6.03,0.392696953259666
"782271",33.877,11.779,6.15,0.41161970596323
"782273",33.873,11.774,6.13,0.385606273598312
"782275",33.878,11.767,6.11,0.40823996531185
"782278",33.863,11.769,6.1,0.382017042574868
"782280",33.859,11.766,6.1,0.383815365980431
"782283",33.857,11.766,6.07,0.528916700277655
"782285",33.847,11.761,5.98,0.359835482339888
"782287",33.824,11.759,6.03,0.348304863048161
"782290",33.839,11.765,6.07,0.354108439147401
"782292",33.571,11.774,6.04,0.421603926869831
"782295",33.652,11.755,6.09,0.389166084364532
"782297",33.753,11.749,6.07,0.390935107103379
"782299",33.666,11.736,6.02,0.359835482339888
"782302",33.682,11.737,6.03,0.354108439147401
"782304",33.704,11.736,6.05,0.344392273685111
"782306",33.696,11.728,6.02,0.361727836017593
"782309",33.771,11.738,6.05,0.361727836017593
"782311",33.736,11.739,6.07,0.346352974450639
"782314",33.787,11.735,6.08,0.330413773349191
"782316",33.745,11.678,6.02,0.307496037913213
"782318",33.825,11.707,6.04,0.301029995663981
"782320",33.876,11.714,6.06,0.287801729930226
"782323",33.892,11.699,6.06,0.301029995663981
"782325",34.022,11.69,6.08,0.285557309007774
"782327",33.953,11.694,6.09,0.247973266361807
"782329",33.991,11.693,6.09,0.262451089730429
"782332",34.114,11.69,6.11,0.309630167425899
"782334",34.124,11.685,6.08,0.24551266781415
"782337",33.96,11.722,6.07,0.2405492482826
"782339",33.935,11.73,6.11,0.232996110392154
"782341",33.916,11.739,6.04,0.217483944213906
"782343",33.935,11.736,6.08,0.201397124320451
"782345",33.94,11.747,6.08,0.220108088040055
"782348",33.942,11.769,6.26,0.230448921378274
"782350",33.946,11.782,6.26,0.260071387985075
"782352",33.929,11.802,6.32,0.193124598354462
"782354",33.924,11.771,6.07,0.260071387985075
"782356",33.922,11.765,6.15,0.296665190261531
"782359",33.914,11.784,6.11,0.201397124320451
"782362",33.918,11.795,6.12,0.24551266781415
"782364",33.923,11.806,6.17,0.222716471147583
"782366",33.918,11.795,6.16,0.303196057420489
"782368",33.925,11.778,6.14,0.346352974450639
"782371",33.855,11.756,6.13,0.309630167425899
"782373",33.827,11.759,6.14,0.27415784926368
"782376",33.809,11.769,6.15,0.287801729930226
"782378",33.817,11.768,6.14,0.305351369446624
"782380",33.809,11.777,6.07,0.313867220369153
"782382",33.846,11.789,6.15,0.328379603438738
"782384",33.846,11.792,6.18,0.340444114840118
"782387",33.844,11.778,6.16,0.356025857193123
"782389",33.846,11.822,6.21,0.326335860928751
"782391",33.849,11.795,6.13,0.334453751150931
"782394",33.857,11.809,6.18,0.376576957056512
"782396",33.854,11.803,6.18,0.322219294733919
"782398",33.868,11.763,6.14,0.359835482339888
"782400",33.916,11.745,6.12,0.372912002970107
"782402",33.908,11.727,6.12,0.334453751150931
"782404",33.913,11.74,6.14,0.348304863048161
"782406",33.937,11.725,6.12,0.389166084364532
"782408",33.962,11.709,6.09,0.376576957056512
"782410",33.933,11.731,6.15,0.354108439147401
"782412",33.951,11.704,6.12,0.356025857193123
"782414",33.945,11.703,6.12,0.352182518111362
"782417",33.976,11.689,6.09,0.359835482339888
"782419",33.984,11.691,6.12,0.342422680822206
"782421",33.941,11.681,6.09,0.371067862271736
"782423",33.936,11.673,6.03,0.334453751150931
"782425",33.956,11.671,6.02,0.356025857193123
"782427",33.963,11.679,6.05,0.352182518111362
"782429",33.968,11.671,6.04,0.33645973384853
"782431",33.967,11.667,6.04,0.383815365980431
"782433",33.935,11.655,5.97,0.338456493604605
"782435",33.922,11.654,6.09,0.342422680822206
"782438",33.921,11.649,6.1,0.367355921026019
"782440",33.904,11.643,6.08,0.356025857193123
"782443",33.934,11.637,6.09,0.334453751150931
"782446",33.918,11.636,5.99,0.340444114840118
"782448",33.913,11.609,5.99,0.305351369446624
"782450",33.924,11.606,5.94,0.324282455297693
"782453",33.927,11.565,5.88,0.307496037913213
"782456",33.841,11.559,6.01,0.311753861055754
"782458",33.787,11.586,6.05,0.348304863048161
"782460",33.726,11.583,5.96,0.350248018334163
"782463",33.665,11.568,5.89,0.356025857193123
"782466",33.697,11.574,5.95,0.33645973384853
"782468",33.746,11.591,6.04,0.338456493604605
"782472",33.826,11.575,5.98,0.330413773349191
"782474",33.821,11.551,6,0.313867220369153
"782476",33.808,11.559,6.02,0.28330122870355
"782478",33.82,11.559,5.98,0.307496037913213
"782481",33.817,11.568,5.96,0.290034611362518
"782483",33.815,11.548,5.98,0.294466226161593
"782486",33.813,11.573,6,0.252853030979893
"782489",33.848,11.576,6.02,0.27415784926368
"782491",33.842,11.579,5.99,0.250420002308894
"782493",33.816,11.557,5.98,0.225309281725863
"782495",33.839,11.579,6.02,0.235528446907549
"782498",33.814,11.555,5.99,0.243038048686294
"782501",33.829,11.561,5.99,0.214843848047698
"782503",33.843,11.584,5.97,0.243038048686294
"782505",33.849,11.595,6.04,0.230448921378274
"782509",33.808,11.591,6,0.232996110392154
"782511",33.851,11.595,5.99,0.227886704613674
"782513",33.853,11.607,5.98,0.201397124320451
"782515",33.851,11.631,6.06,0.195899652409234
"782518",33.856,11.652,6.08,0.230448921378274
"782520",33.928,11.646,5.97,0.170261715394957
"782522",33.937,11.658,5.89,0.220108088040055
"782525",33.916,11.69,6.09,0.198657086954423
"782528",33.911,11.738,6.13,0.201397124320451
"782530",33.911,11.753,6.27,0.198657086954423
"782532",33.899,11.8,6.25,0.139879086401236
"782534",33.888,11.726,6.19,0.195899652409234
"782537",33.869,11.725,6.04,0.225309281725863
"782539",33.89,11.747,6.09,0.220108088040055
"782541",33.872,11.746,5.86,0.243038048686294
"782543",33.829,11.896,6.54,0.190331698170291
"782546",33.873,11.774,6.13,0.212187604403958
"782549",33.861,11.751,6.08,0.271841606536499
"782551",33.854,11.762,5.89,0.271841606536499
"782553",33.842,11.755,6.1,0.28330122870355
"782556",33.763,11.763,6.01,0.399673721481038
"782558",33.823,11.769,5.91,0.332438459915605
"782561",33.844,11.777,6.12,0.278753600952829
"782563",33.844,11.787,6.16,0.298853076409707
"782566",33.844,11.79,6.22,0.294466226161593
"782568",33.854,11.79,6.19,0.292256071356476
"782570",33.854,11.793,6.1,0.298853076409707
"782572",33.857,11.791,6.18,0.281033367247728
"782574",33.861,11.768,6.13,0.285557309007774
"782577",33.862,11.762,6.14,0.311753861055754
"782579",33.868,11.764,6.14,0.311753861055754
"782581",33.862,11.741,6.09,0.344392273685111
"782584",33.863,11.737,6.1,0.334453751150931
"782586",33.872,11.726,6.1,0.313867220369153
"782588",33.899,11.716,6.07,0.311753861055754
"782590",33.952,11.691,6.12,0.324282455297693
"782592",33.94,11.694,6.09,0.301029995663981
"782594",33.936,11.692,6.13,0.298853076409707
"782596",33.957,11.693,6.11,0.301029995663981
"782598",33.947,11.674,6.09,0.292256071356476
"782600",33.917,11.66,6.08,0.28330122870355
"782602",33.91,11.658,6.05,0.298853076409707
"782604",33.903,11.661,5.98,0.320146286111054
"782606",33.877,11.652,6.04,0.334453751150931
"782609",33.862,11.648,6.04,0.311753861055754
"782611",33.88,11.644,5.98,0.311753861055754
"782613",33.877,11.647,5.96,0.322219294733919
"782617",33.874,11.643,6.04,0.305351369446624
"782619",33.863,11.638,6.02,0.342422680822206
"782621",33.854,11.632,6,0.315970345456918
"782624",33.859,11.631,5.95,0.296665190261531
"782626",33.85,11.634,6.01,0.324282455297693
"782628",33.831,11.634,5.94,0.294466226161593
"782631",33.819,11.63,5.91,0.309630167425899
"782633",33.822,11.626,5.99,0.311753861055754
"782635",33.816,11.627,6.02,0.307496037913213
"782638",33.807,11.624,5.99,0.311753861055754
"782641",33.811,11.617,5.97,0.303196057420489
"782643",33.814,11.603,5.91,0.222716471147583
"782645",33.796,11.614,5.99,0.285557309007774
"782648",33.789,11.623,6.02,0.311753861055754
"782651",33.803,11.617,6.04,0.303196057420489
"782653",33.797,11.62,6,0.281033367247728
"782655",33.796,11.623,6.04,0.309630167425899
"782658",33.773,11.63,5.98,0.255272505103306
"782662",33.77,11.625,5.96,0.24551266781415
"782664",33.753,11.62,5.9,0.243038048686294
"782666",33.771,11.625,5.98,0.257678574869184
"782669",33.785,11.627,6,0.247973266361807
"782671",33.793,11.634,6.03,0.252853030979893
"782674",33.807,11.634,6.01,0.220108088040055
"782677",33.674,11.645,6.01,0.201397124320451
"782679",33.757,11.665,6.03,0.161368002234975
"782681",33.789,11.689,6.02,0.15836249209525
"782684",33.865,11.69,6.04,0.178976947293169
"782687",33.866,11.705,6.04,0.184691430817599
"782689",33.872,11.717,6.05,0.190331698170291
"782692",33.962,11.669,6.03,0.184691430817599
"782694",33.948,11.7,6.04,0.14921911265538
"782696",33.857,11.716,6.09,0.232996110392154
"782698",33.84,11.716,6.07,0.247973266361807
"782701",33.861,11.735,6.01,0.198657086954423
"782703",33.905,11.677,5.91,0.170261715394957
"782705",33.932,11.684,5.99,0.181843587944773
"782708",33.934,11.698,6.04,0.190331698170291
"782710",33.923,11.717,6.11,0.209515014542631
"782712",33.921,11.744,6.08,0.204119982655925
"782715",33.918,11.785,6.2,0.190331698170291
"782717",33.914,11.729,6.02,0.198657086954423
"782719",33.918,11.745,6.07,0.184691430817599
"782722",33.916,11.744,5.92,0.225309281725863
"782724",33.923,11.868,6.49,0.195899652409234
"782727",33.914,11.749,6.02,0.247973266361807
"782729",33.915,11.891,6.4,0.230448921378274
"782731",33.925,11.801,6.18,0.257678574869184
"782733",33.917,11.83,6.35,0.269512944217916
"782735",33.874,11.711,5.95,0.27415784926368
"782737",33.801,11.712,5.95,0.324282455297693
"782739",33.812,11.716,5.88,0.330413773349191
"782741",33.861,11.74,6.03,0.292256071356476
"782743",33.878,11.725,6.05,0.298853076409707
"782745",33.867,11.768,6.12,0.309630167425899
"782748",33.887,11.756,6.13,0.276461804173244
"782750",33.879,11.75,6.16,0.305351369446624
"782752",33.874,11.739,6.13,0.292256071356476
"782754",33.885,11.736,6.06,0.315970345456918
"782756",33.885,11.722,6.03,0.271841606536499
"782758",33.883,11.715,6.09,0.290034611362518
"782760",33.871,11.688,6.04,0.27415784926368
"782763",33.879,11.702,5.94,0.260071387985075
"782765",33.927,11.685,6,0.269512944217916
"782767",33.898,11.68,6.01,0.296665190261531
"782770",33.905,11.672,6.03,0.278753600952829
"782772",33.91,11.669,5.95,0.238046103128795
"782774",33.956,11.658,5.92,0.271841606536499
"782776",33.967,11.65,5.98,0.238046103128795
"782779",33.947,11.637,5.97,0.27415784926368
"782781",33.918,11.639,5.89,0.257678574869184
"782784",33.952,11.639,5.92,0.264817823009536
"782787",33.951,11.641,5.97,0.267171728403014
"782790",33.879,11.635,5.89,0.298853076409707
"782792",33.876,11.634,5.84,0.285557309007774
"782795",33.855,11.618,5.8,0.276461804173244
"782797",33.871,11.62,5.86,0.230448921378274
"782799",33.866,11.621,5.94,0.27415784926368
"782802",33.89,11.611,5.9,0.28330122870355
"782804",33.89,11.608,6.01,0.311753861055754
"782806",33.878,11.605,6.04,0.287801729930226
"782808",33.859,11.592,5.78,0.296665190261531
"782811",33.899,11.546,5.72,0.209515014542631
"782813",33.891,11.542,5.77,0.222716471147583
"782815",33.883,11.553,5.81,0.278753600952829
"782818",33.67,11.56,5.87,0.267171728403014
"782820",33.651,11.552,5.83,0.264817823009536
"782822",33.565,11.565,5.83,0.28330122870355
"782825",33.51,11.559,5.95,0.303196057420489
"782828",33.54,11.565,5.98,0.20682587603185
"782830",33.622,11.573,5.97,0.220108088040055
"782833",33.645,11.589,5.99,0.222716471147583
"782835",33.692,11.6,6.01,0.187520720836463
"782838",33.675,11.595,5.97,0.164352855784437
"782841",33.692,11.599,5.96,0.161368002234975
"782843",33.693,11.62,5.99,0.164352855784437
"782846",33.694,11.645,6.02,0.14921911265538
"782849",33.702,11.642,5.99,0.209515014542631
"782851",33.724,11.656,5.94,0.152288344383056
"782853",33.795,11.678,5.92,0.155336037465062
"782855",33.765,11.756,5.99,0.136720567156407
"782857",33.742,11.757,6.01,0.15836249209525
"782859",33.981,11.646,5.9,0.170261715394957
"782861",33.97,11.709,5.98,0.161368002234975
"782864",34.002,11.68,5.97,0.15836249209525
"782867",34.043,11.685,5.98,0.14921911265538
"782869",33.939,11.739,6,0.113943352306837
"782872",33.915,11.792,6.06,0.14921911265538
"782874",33.886,11.755,5.94,0.176091259055681
"782876",33.901,11.738,5.94,0.155336037465062
"782879",33.931,11.709,5.91,0.201397124320451
"782881",33.875,11.783,5.89,0.173186268412274
"782883",33.818,11.861,5.99,0.198657086954423
"782885",33.838,11.864,6.05,0.195899652409234
"782887",33.84,11.892,6.04,0.195899652409234
"782890",33.66,11.978,6.04,0.198657086954423
"782892",33.616,11.991,5.99,0.225309281725863
"782895",33.134,12.089,6.09,0.250420002308894
"782897",33.258,12.062,6.04,0.262451089730429
"782900",33.12,12.148,6.08,0.28330122870355
"782903",33.108,12.145,6.03,0.247973266361807
"782905",33.061,12.159,6.03,0.301029995663981
"782908",33.048,12.171,5.99,0.276461804173244
"782910",33.033,12.172,5.97,0.307496037913213
"782912",33.116,12.133,5.96,0.332438459915605
"782915",33.119,12.109,6.05,0.367355921026019
"782917",33.147,12.094,5.88,0.382017042574868
"782920",33.167,12.062,5.99,0.264817823009536
"782922",33.314,12.014,6.09,0.28330122870355
"782924",33.415,11.97,6.05,0.330413773349191
"782925",33.474,11.936,6.01,0.27415784926368
"782927",33.498,11.928,6.06,0.28330122870355
"782929",33.586,11.849,6.01,0.305351369446624
"782932",33.597,11.847,5.97,0.252853030979893
"782935",33.578,11.85,5.93,0.24551266781415
"782937",33.709,11.803,5.93,0.250420002308894
"782939",33.709,11.802,5.95,0.235528446907549
"782941",33.794,11.806,5.92,0.247973266361807
"782943",33.931,11.759,5.89,0.271841606536499
"782945",33.84,11.745,5.92,0.257678574869184
"782947",33.95,11.721,5.91,0.20682587603185
"782950",33.805,11.795,5.89,0.294466226161593
"782952",33.984,11.714,5.83,0.225309281725863
"782955",34.019,11.696,5.85,0.264817823009536
"782957",33.834,11.751,5.99,0.294466226161593
"782959",32.861,11.842,6.08,0.338456493604605
"782962",32.412,11.936,6.13,0.320146286111054
"782965",33.019,11.837,6.01,0.309630167425899
"782968",33.025,11.853,5.91,0.324282455297693
"782971",32.922,11.861,5.96,0.27415784926368
"782973",32.788,11.877,5.9,0.318063334962762
"782975",32.914,11.852,5.82,0.307496037913213
"782977",32.897,11.843,5.95,0.232996110392154
"782979",32.49,11.864,6.01,0.315970345456918
"782982",32.535,11.867,5.97,0.28330122870355
"782984",32.429,11.867,6.02,0.264817823009536
"782986",32.335,11.871,6.05,0.247973266361807
"782989",32.156,11.877,6.07,0.311753861055754
"782991",32.203,11.871,6.05,0.271841606536499
"782993",31.537,11.907,6.07,0.285557309007774
"782995",31.293,11.916,6.09,0.276461804173244
"782997",30.983,11.942,6.14,0.296665190261531
"782999",30.818,11.953,6.08,0.315970345456918
"783001",30.813,11.956,6,0.292256071356476
"783003",30.81,11.964,6.06,0.250420002308894
"783007",32.57,11.856,6,0.2405492482826
"783009",32.565,11.864,6.01,0.252853030979893
"783011",33.218,11.813,5.93,0.187520720836463
"783013",33.283,11.801,5.97,0.20682587603185
"783016",33.57,11.796,5.95,0.15836249209525
"783019",33.772,11.738,5.91,0.152288344383056
"783021",33.528,11.806,6.01,0.143014800254095
"783023",33.55,11.833,6.04,0.173186268412274
"783025",33.45,11.901,6.09,0.161368002234975
"783027",33.422,11.883,6.06,0.187520720836463
"783030",33.595,11.837,6.11,0.217483944213906
"783033",33.774,11.862,6.07,0.167317334748176
"783035",33.761,11.831,6.2,0.127104798364808
"783037",33.942,11.81,6.09,0.14921911265538
"783039",33.858,11.807,6.12,0.195899652409234
"783042",33.762,11.886,6.15,0.176091259055681
"783045",33.844,11.942,6.11,0.164352855784437
"783047",33.608,12.043,6.06,0.14921911265538
"783049",33.638,11.903,5.86,0.161368002234975
"783052",31.978,12.156,6.22,0.201397124320451
"783054",32.564,12.214,6.04,0.204119982655925
"783056",32.509,12.291,6.09,0.167317334748176
"783058",32.425,12.298,5.94,0.187520720836463
"783061",32.599,12.284,6.02,0.2405492482826
"783064",32.612,12.284,6.03,0.247973266361807
"783066",32.656,12.258,6.21,0.255272505103306
"783068",32.741,12.244,6.17,0.278753600952829
"783070",32.663,12.246,6.25,0.292256071356476
"783073",32.572,12.287,6.11,0.269512944217916
"783075",32.535,12.294,6.15,0.303196057420489
"783077",32.466,12.316,6.13,0.320146286111054
"783079",32.462,12.272,6.25,0.33645973384853
"783081",32.463,12.268,6.01,0.328379603438738
"783083",32.468,12.229,6.1,0.385606273598312
"783085",32.533,12.208,5.93,0.359835482339888
"783087",32.575,12.24,6,0.247973266361807
"783089",32.679,12.124,5.94,0.311753861055754
"783091",32.831,12.1,6.02,0.287801729930226
"783093",33.103,12.022,5.95,0.278753600952829
"783096",33.289,11.937,5.93,0.24551266781415
"783098",33.34,11.927,5.97,0.294466226161593
"783100",33.363,11.922,5.94,0.24551266781415
"783102",33.632,11.829,5.88,0.260071387985075
"783104",33.581,11.824,5.92,0.243038048686294
"783107",33.606,11.834,5.91,0.281033367247728
"783109",33.668,11.81,5.8,0.255272505103306
"783111",33.808,11.807,5.82,0.217483944213906
"783113",33.809,11.807,5.84,0.252853030979893
"783116",33.855,11.784,5.88,0.264817823009536
"783118",33.592,11.813,5.8,0.230448921378274
"783120",33.694,11.774,5.78,0.225309281725863
"783122",33.763,11.783,5.8,0.209515014542631
"783124",33.992,11.753,5.77,0.238046103128795
"783126",33.923,11.74,5.7,0.209515014542631
"783128",33.936,11.738,5.76,0.247973266361807
"783131",33.726,11.819,5.95,0.252853030979893
"783134",33.818,11.801,5.87,0.24551266781415
"783136",33.455,11.84,5.86,0.260071387985075
"783138",33.352,11.852,5.9,0.285557309007774
"783141",33.215,11.873,6.02,0.260071387985075
"783143",33.269,11.865,6.16,0.298853076409707
"783145",33.304,11.859,6.05,0.292256071356476
"783147",33.371,11.846,6.09,0.290034611362518
"783149",33.304,11.819,6.04,0.271841606536499
"783152",33.121,11.902,5.96,0.271841606536499
"783154",33.102,11.894,6.01,0.250420002308894
"783157",33.088,11.913,6.16,0.250420002308894
"783159",33.078,11.91,6.04,0.250420002308894
"783162",33.149,11.905,6.01,0.2405492482826
"783164",33.07,11.918,6.08,0.201397124320451
"783173",32.892,12.049,6.27,0.198657086954423
"783175",32.929,12.066,6.27,0.190331698170291
"783177",33.303,11.939,6.07,0.178976947293169
"783180",33.316,11.967,6.13,0.170261715394957
"783182",33.458,11.981,6.18,0.164352855784437
"783184",33.575,11.932,6.21,0.14921911265538
"783186",33.595,11.991,6.1,0.20682587603185
"783189",33.655,11.942,6.04,0.139879086401236
"783192",33.778,11.968,6.14,0.15836249209525
"783194",33.765,11.95,6.09,0.181843587944773
"783197",33.81,11.964,5.92,0.181843587944773
"783200",33.802,12.076,5.96,0.193124598354462
"783202",33.876,12,6.13,0.173186268412274
"783204",33.832,12.098,6.22,0.181843587944773
"783207",33.884,12.089,6.02,0.198657086954423
"783210",34.004,11.972,5.96,0.204119982655925
"783212",33.954,11.998,6.15,0.220108088040055
"783215",33.742,12.081,6.15,0.217483944213906
"783217",33.74,12.017,5.89,0.164352855784437
"783220",33.863,11.973,5.98,0.217483944213906
"783222",33.519,12.107,6.09,0.247973266361807
"783225",33.448,12.149,6.28,0.238046103128795
"783227",33.493,12.142,6.14,0.264817823009536
"783229",33.523,12.129,6.29,0.269512944217916
"783232",33.536,12.122,6.26,0.281033367247728
"783234",33.537,12.132,6.25,0.269512944217916
"783236",33.56,12.138,6.16,0.243038048686294
"783238",33.336,12.211,6.3,0.307496037913213
"783240",33.112,12.207,6.29,0.247973266361807
"783242",33.272,12.224,6.27,0.320146286111054
"783245",33.323,12.192,6.31,0.334453751150931
"783247",33.318,12.181,5.99,0.330413773349191
"783249",33.338,12.147,6.07,0.313867220369153
"783252",33.352,12.143,6.16,0.328379603438738
"783254",32.756,12.358,6.4,0.380211241711606
"783256",32.664,12.379,5.98,0.482873583608754
"783259",32.598,12.39,6.17,0.383815365980431
"783261",32.87,12.342,5.94,0.361727836017593
"783263",32.991,12.279,6.05,0.28330122870355
"783265",33.176,12.203,6.11,0.267171728403014
"783267",33.28,12.136,6.07,0.2405492482826
"783269",33.466,12.087,6.14,0.27415784926368
"783271",33.581,12.062,5.97,0.260071387985075
"783273",33.441,12.097,6.01,0.324282455297693
"783275",33.672,12.014,6.12,0.369215857410143
"783278",33.721,12,6.08,0.320146286111054
"783280",33.808,11.989,5.96,0.301029995663981
"783282",33.794,11.951,5.85,0.313867220369153
"783284",33.758,11.969,5.94,0.247973266361807
"783287",33.826,11.948,5.92,0.313867220369153
"783290",33.957,11.914,5.91,0.243038048686294
"783292",33.727,11.937,6,0.318063334962762
"783294",33.78,11.959,5.85,0.313867220369153
"783296",33.81,11.947,5.99,0.2405492482826
"783298",33.5,12.013,6.19,0.311753861055754
"783301",33.548,11.992,6.18,0.309630167425899
"783304",33.524,11.975,6.04,0.267171728403014
"783306",33.572,11.951,6.04,0.298853076409707
"783309",33.472,11.985,6.16,0.225309281725863
"783311",33.539,11.955,6.11,0.230448921378274
"783314",33.534,11.949,6.03,0.247973266361807
"783316",33.511,11.964,6.05,0.214843848047698
"783319",33.524,11.967,6.15,0.20682587603185
"783322",33.206,12.027,6.29,0.212187604403958
"783324",33.345,12.024,6.2,0.164352855784437
"783326",33.28,12.035,6.16,0.167317334748176
"783328",32.978,12.11,6.31,0.184691430817599
"783332",33.002,12.121,6.1,0.173186268412274
"783334",33.082,12.12,6.15,0.170261715394957
"783336",33.225,12.096,6.15,0.176091259055681
"783338",33.264,12.111,6.21,0.164352855784437
"783340",33.244,12.145,6.28,0.170261715394957
"783342",33.243,12.144,6.11,0.152288344383056
"783344",33.475,12.071,6.02,0.133538908370217
"783347",33.701,12.061,6.21,0.143014800254095
"783350",33.654,12.1,6.22,0.187520720836463
"783352",33.534,12.187,6.19,0.152288344383056
"783354",33.674,12.205,6.14,0.176091259055681
"783356",33.726,12.208,6.32,0.161368002234975
"783359",33.734,12.229,6.35,0.152288344383056
"783361",33.849,12.163,6.23,0.15836249209525
"783363",33.974,12.048,6.06,0.173186268412274
"783367",33.94,12.091,6.27,0.190331698170291
"783369",33.952,12.13,6.25,0.193124598354462
"783371",34.044,12.104,6.1,0.198657086954423
"783374",33.659,12.225,6.08,0.161368002234975
"783376",33.785,12.146,6.12,0.204119982655925
"783380",33.871,12.131,6.08,0.230448921378274
"783382",33.79,12.12,6.27,0.247973266361807
"783384",33.706,12.156,6.3,0.264817823009536
"783386",33.73,12.147,6.31,0.27415784926368
"783388",33.709,12.156,6.3,0.285557309007774
"783391",33.736,12.135,6.27,0.287801729930226
"783393",33.761,12.129,6.16,0.271841606536499
"783397",33.741,12.12,6.23,0.338456493604605
"783399",33.749,12.107,6.24,0.301029995663981
"783401",33.783,12.162,6.14,0.301029995663981
"783403",33.787,12.152,6.2,0.359835482339888
"783405",33.737,12.099,6.18,0.334453751150931
"783407",33.699,12.107,6.26,0.296665190261531
"783409",33.737,12.107,6.13,0.238046103128795
"783412",33.291,12.162,6.1,0.338456493604605
"783414",33.434,12.138,6.05,0.344392273685111
"783416",33.586,12.122,6.17,0.264817823009536
"783418",33.501,12.106,6.12,0.309630167425899
"783420",33.521,12.1,6.11,0.311753861055754
"783422",33.538,12.084,6.12,0.257678574869184
"783424",33.539,12.088,6.17,0.307496037913213
"783427",33.652,12.066,6.11,0.296665190261531
"783429",33.621,12.03,6.05,0.340444114840118
"783432",33.775,12.014,5.92,0.294466226161593
"783435",33.689,12.017,6.06,0.294466226161593
"783438",33.826,11.984,6.05,0.313867220369153
"783441",33.814,11.976,5.9,0.24551266781415
"783443",33.833,11.969,5.92,0.276461804173244
"783447",33.883,11.966,6.04,0.296665190261531
"783449",33.921,11.964,5.98,0.260071387985075
"783451",34.058,11.935,5.93,0.267171728403014
"783454",33.971,11.932,5.93,0.247973266361807
"783456",33.966,11.93,6.03,0.276461804173244
"783458",33.884,11.979,6.03,0.307496037913213
"783460",33.867,11.987,6.03,0.232996110392154
"783463",33.826,11.999,6.18,0.285557309007774
"783465",33.856,11.982,6.13,0.301029995663981
"783467",33.867,11.981,6.17,0.269512944217916
"783469",33.879,11.975,6.16,0.276461804173244
"783472",33.894,11.964,6.12,0.232996110392154
"783474",33.885,11.972,6.18,0.232996110392154
"783476",33.88,11.969,6.13,0.235528446907549
"783479",33.891,11.957,6.09,0.214843848047698
"783482",33.88,11.964,6.11,0.220108088040055
"783485",33.883,11.964,6.09,0.212187604403958
"783488",33.863,11.979,6.13,0.190331698170291
"783491",33.824,12.004,6.12,0.176091259055681
"783494",33.793,12.039,6.17,0.176091259055681
"783497",33.693,12.086,6.25,0.190331698170291
"783499",33.693,12.107,6.16,0.146128035678238
"783501",33.511,12.15,6.35,0.136720567156407
"783504",33.469,12.153,6.18,0.143014800254095
"783507",33.545,12.172,6.14,0.146128035678238
"783510",33.62,12.134,6.18,0.167317334748176
"783512",33.635,12.21,6.18,0.155336037465062
"783514",33.613,12.297,6.48,0.167317334748176
"783516",33.791,12.152,6.17,0.161368002234975
"783518",34.025,12.058,6.13,0.195899652409234
"783520",33.853,12.217,6.33,0.167317334748176
"783523",33.875,12.327,6.46,0.14921911265538
"783525",33.879,12.294,6.28,0.155336037465062
"783527",33.906,12.287,6.22,0.181843587944773
"783530",33.962,12.294,6.17,0.20682587603185
"783533",33.99,12.247,6.07,0.181843587944773
"783535",34.042,12.248,6.27,0.152288344383056
"783537",34.007,12.298,6.34,0.127104798364808
"783539",34.094,12.148,6.09,0.167317334748176
"783541",34.114,12.234,6.12,0.161368002234975
"783543",34.128,12.208,6.12,0.181843587944773
"783546",34.094,12.183,6.05,0.217483944213906
"783549",34.005,12.165,6.05,0.2405492482826
"783551",33.965,12.154,6.12,0.287801729930226
"783553",33.926,12.169,6.24,0.267171728403014
"783555",33.911,12.198,6.26,0.278753600952829
"783558",33.928,12.188,6.15,0.338456493604605
"783560",33.943,12.176,6.26,0.290034611362518
"783562",33.947,12.175,6.27,0.290034611362518
"783566",33.958,12.173,6.23,0.311753861055754
"783568",33.954,12.174,6.14,0.281033367247728
"783570",33.929,12.186,6.08,0.344392273685111
"783572",33.948,12.18,6.1,0.260071387985075
"783574",33.907,12.171,6.16,0.28330122870355
"783577",33.836,12.199,6.23,0.334453751150931
"783579",33.697,12.223,6.27,0.326335860928751
"783581",33.616,12.291,6.3,0.382017042574868
"783584",33.614,12.284,6.2,0.350248018334163
"783587",33.702,12.246,6.17,0.285557309007774
"783589",33.689,12.185,5.96,0.255272505103306
"783592",33.726,12.214,5.91,0.322219294733919
"783594",33.739,12.21,6.01,0.290034611362518
"783597",33.763,12.201,6.12,0.305351369446624
"783599",33.787,12.188,6.09,0.307496037913213
"783602",33.952,12.114,5.72,0.276461804173244
"783604",33.995,12.113,5.85,0.28330122870355
"783606",33.996,12.111,6,0.252853030979893
"783608",33.978,12.097,6.03,0.264817823009536
"783611",33.983,12.079,5.94,0.296665190261531
"783613",34.008,12.069,5.92,0.255272505103306
"783615",34.044,12.065,6,0.271841606536499
"783617",34.177,12.039,6.02,0.269512944217916
"783619",34.182,12.03,6.05,0.252853030979893
"783622",34.1,12.039,5.99,0.238046103128795
"783624",34.12,12.049,6.02,0.320146286111054
"783626",34.099,12.073,6.04,0.2405492482826
"783628",34.06,12.079,6.17,0.232996110392154
"783630",34.067,12.064,6.16,0.24551266781415
"783633",34.075,12.066,6.17,0.227886704613674
"783635",34.084,12.058,6.11,0.220108088040055
"783637",34.04,12.081,6.2,0.24551266781415
"783639",34.109,12.058,6.01,0.152288344383056
"783641",34.016,12.103,6.22,0.184691430817599
"783644",34.06,12.093,6.09,0.222716471147583
"783647",34.085,12.094,5.87,0.123851640967086
"783649",34.087,12.103,5.91,0.161368002234975
"783651",34.039,12.129,6.14,0.146128035678238
"783654",33.916,12.183,6.3,0.139879086401236
"783657",34.016,12.191,6.2,0.161368002234975
"783659",33.94,12.215,6.25,0.139879086401236
"783661",33.766,12.247,6.26,0.127104798364808
"783663",33.728,12.29,6.16,0.130333768495006
"783665",33.8,12.272,6.16,0.127104798364808
"783667",33.871,12.303,6.19,0.152288344383056
"783669",33.829,12.342,6.28,0.123851640967086
"783672",33.844,12.349,6.3,0.173186268412274
"783674",33.819,12.318,6.11,0.130333768495006
"783676",33.859,12.341,6.04,0.136720567156407
"783678",33.855,12.509,6.32,0.15836249209525
"783680",33.888,12.504,6.35,0.184691430817599
"783682",33.948,12.468,6.2,0.170261715394957
"783685",33.997,12.427,6.17,0.181843587944773
"783687",34.05,12.383,6.18,0.214843848047698
"783689",34.052,12.383,6.32,0.195899652409234
"783693",34.083,12.452,6.24,0.193124598354462
"783695",34.064,12.5,6.28,0.176091259055681
"783698",34.077,12.373,6.29,0.181843587944773
"783701",34.14,12.371,6.34,0.173186268412274
"783703",34.172,12.334,6.17,0.204119982655925
"783706",34.134,12.291,6.14,0.232996110392154
"783708",34.168,12.238,6.13,0.217483944213906
"783710",34.163,12.271,6.19,0.243038048686294
"783712",34.117,12.241,6.23,0.269512944217916
"783715",34.082,12.258,6.21,0.307496037913213
"783717",34.092,12.241,6.25,0.264817823009536
"783719",34.107,12.233,6.25,0.271841606536499
"783721",34.084,12.223,6.24,0.303196057420489
"783725",34.119,12.22,6.12,0.338456493604605
"783727",34.104,12.233,6.21,0.267171728403014
"783729",34.028,12.244,6.26,0.326335860928751
"783731",34.094,12.172,6.07,0.278753600952829
"783734",34.068,12.195,6.02,0.324282455297693
"783736",34.006,12.237,6.1,0.27415784926368
"783738",34.03,12.201,6.11,0.315970345456918
"783740",34.009,12.223,6.01,0.301029995663981
"783742",33.98,12.213,6.05,0.294466226161593
"783744",33.966,12.221,6.12,0.271841606536499
"783746",33.934,12.211,6.16,0.296665190261531
"783748",33.867,12.271,6.18,0.322219294733919
"783750",33.904,12.244,6.04,0.350248018334163
"783753",33.762,12.187,6.17,0.243038048686294
"783756",33.907,12.208,6.1,0.322219294733919
"783758",33.929,12.211,6.08,0.225309281725863
"783760",33.939,12.218,6.01,0.342422680822206
"783762",33.929,12.212,6.16,0.294466226161593
"783765",33.954,12.183,5.97,0.322219294733919
"783768",34.007,12.158,5.88,0.305351369446624
"783771",33.997,12.136,5.78,0.287801729930226
"783773",34.077,12.156,6.06,0.264817823009536
"783776",34.07,12.13,6.06,0.262451089730429
"783778",34.052,12.128,5.93,0.227886704613674
"783780",34.158,12.113,5.93,0.247973266361807
"783783",34.134,12.097,6.01,0.301029995663981
"783787",34.178,12.096,6,0.271841606536499
"783789",34.167,12.081,5.85,0.232996110392154
"783791",34.109,12.068,5.9,0.247973266361807
"783794",34.232,12.046,5.96,0.222716471147583
"783796",34.148,12.053,5.98,0.260071387985075
"783798",34.195,12.055,5.88,0.238046103128795
"783801",34.204,12.107,5.93,0.214843848047698
"783805",34.179,12.118,6.17,0.238046103128795
"783807",34.158,12.122,6.14,0.250420002308894
"783809",34.164,12.111,6.17,0.212187604403958
"783812",34.169,12.115,6.2,0.193124598354462
"783814",34.182,12.114,6.19,0.204119982655925
"783817",34.186,12.121,6.2,0.193124598354462
"783819",34.124,12.144,6.25,0.14921911265538
"783821",34.133,12.171,6.26,0.173186268412274
"783823",34.144,12.199,6.36,0.14921911265538
"783826",34.067,12.218,6.22,0.14921911265538
"783828",34.12,12.211,6.13,0.167317334748176
"783830",34.142,12.211,6.18,0.173186268412274
"783832",34.073,12.281,6.41,0.14921911265538
"783834",34.078,12.32,6.46,0.139879086401236
"783837",33.872,12.307,6.27,0.161368002234975
"783839",33.868,12.331,6.17,0.146128035678238
"783842",33.918,12.344,6.24,0.204119982655925
"783845",33.96,12.325,6.23,0.184691430817599
"783847",34.008,12.373,6.13,0.176091259055681
"783849",34.01,12.399,6.2,0.161368002234975
"783852",34.021,12.361,6.26,0.209515014542631
"783854",33.981,12.387,6.3,0.176091259055681
"783856",33.997,12.427,6.01,0.143014800254095
"783858",34.057,12.435,5.89,0.217483944213906
"783861",34.053,12.537,6.25,0.155336037465062
"783863",34.092,12.499,6.21,0.243038048686294
"783866",34.118,12.43,6.04,0.222716471147583
"783869",34.143,12.414,6.08,0.227886704613674
"783872",34.223,12.362,6.18,0.220108088040055
"783875",34.227,12.34,6.03,0.267171728403014
"783877",34.187,12.408,6,0.232996110392154
"783879",34.157,12.49,5.9,0.264817823009536
"783881",34.266,12.322,5.87,0.232996110392154
"783883",34.204,12.268,5.99,0.332438459915605
"783885",34.264,12.235,6.04,0.285557309007774
"783887",34.285,12.222,6.14,0.334453751150931
"783889",34.244,12.236,6.24,0.33645973384853
"783891",34.19,12.262,6.25,0.342422680822206
"783893",34.186,12.256,6.24,0.342422680822206
"783896",34.201,12.256,6.23,0.313867220369153
"783898",34.207,12.243,6.25,0.346352974450639
"783900",34.18,12.25,6.24,0.344392273685111
"783902",34.207,12.249,5.99,0.305351369446624
"783904",34.216,12.239,6.15,0.33645973384853
"783906",34.209,12.237,6.14,0.305351369446624
"783908",34.216,12.226,6.01,0.389166084364532
"783910",34.156,12.233,6.1,0.359835482339888
"783912",34.169,12.245,6.12,0.262451089730429
"783914",34.17,12.235,6.15,0.247973266361807
"783917",34.076,12.288,6.1,0.363611979892144
"783919",34.074,12.273,6.09,0.342422680822206
"783921",33.943,12.324,6.3,0.359835482339888
"783923",33.943,12.322,6.23,0.363611979892144
"783926",34.056,12.276,6.06,0.320146286111054
"783929",34.091,12.254,6,0.264817823009536
"783932",34.079,12.255,6.01,0.309630167425899
"783934",34.081,12.261,6.12,0.28330122870355
"783936",34.084,12.267,6.19,0.344392273685111
"783938",34.064,12.255,6.2,0.309630167425899
"783941",34.075,12.254,5.94,0.344392273685111
"783944",34.088,12.25,5.97,0.342422680822206
"783946",34.111,12.238,5.98,0.404833716619938
"783949",34.172,12.221,5.92,0.428134794028789
"783951",34.187,12.208,5.9,0.324282455297693
"783954",34.174,12.208,5.97,0.247973266361807
"783957",34.195,12.195,6,0.28330122870355
"783960",34.208,12.193,6,0.320146286111054
"783962",34.226,12.18,5.95,0.285557309007774
"783965",34.244,12.18,6.03,0.33645973384853
"783967",34.236,12.169,6.08,0.320146286111054
"783969",34.235,12.187,6.12,0.320146286111054
"783971",34.19,12.16,5.99,0.262451089730429
"783973",34.195,12.182,6.02,0.320146286111054
"783976",34.206,12.21,6.08,0.296665190261531
"783978",34.205,12.216,6.21,0.247973266361807
"783980",34.195,12.213,6.23,0.247973266361807
"783982",34.195,12.236,6.23,0.334453751150931
"783985",34.204,12.254,6.26,0.220108088040055
"783988",34.181,12.261,6.27,0.193124598354462
"783990",34.177,12.248,6.22,0.227886704613674
"783992",34.189,12.274,6.25,0.230448921378274
"783995",34.162,12.295,6.29,0.235528446907549
"783997",34.163,12.342,6.33,0.201397124320451
"784000",34.054,12.343,6.29,0.195899652409234
"784002",34.07,12.386,6.31,0.24551266781415
"784004",34.054,12.393,6.26,0.235528446907549
"784006",34.063,12.416,6.15,0.155336037465062
"784008",34.031,12.436,6.25,0.178976947293169
"784010",33.972,12.435,6.29,0.20682587603185
"784012",33.965,12.452,6.16,0.225309281725863
"784014",34.003,12.445,6.17,0.214843848047698
"784016",34.067,12.431,6.24,0.2405492482826
"784019",34.059,12.482,6.36,0.262451089730429
"784021",34.057,12.472,6.34,0.264817823009536
"784023",34.06,12.477,6.27,0.328379603438738
"784025",34.07,12.452,6.26,0.247973266361807
"784027",34.078,12.435,6.34,0.287801729930226
"784029",34.093,12.614,6.63,0.269512944217916
"784031",34.149,12.526,6.59,0.296665190261531
"784033",34.149,12.514,6.46,0.287801729930226
"784035",34.18,12.472,6.42,0.320146286111054
"784038",34.214,12.431,6.37,0.309630167425899
"784041",34.211,12.41,6.34,0.292256071356476
"784043",34.214,12.431,6.33,0.326335860928751
"784045",34.232,12.399,6.32,0.322219294733919
"784047",34.245,12.394,6.3,0.330413773349191
"784049",34.268,12.371,6.25,0.340444114840118
"784051",34.21,12.376,6.27,0.382017042574868
"784054",34.156,12.363,6.23,0.403120521175818
"784056",34.181,12.376,6.24,0.397940008672038
"784058",34.237,12.323,6.24,0.419955748489758
"784060",34.258,12.308,6.23,0.424881636631067
"784062",34.239,12.321,6.25,0.471291711058939
"784064",34.23,12.323,6.26,0.394451680826216
"784067",34.199,12.335,6.27,0.447158031342219
"784069",34.217,12.325,6.16,0.346352974450639
"784071",34.188,12.339,6.24,0.423245873936808
"784073",34.199,12.341,6.21,0.354108439147401
"784075",34.169,12.347,6.25,0.380211241711606
"784077",34.161,12.348,6.22,0.404833716619938
"784079",34.171,12.344,6.15,0.322219294733919
"784082",34.108,12.366,6.19,0.418301291319745
"784084",34.095,12.368,6.15,0.399673721481038
"784086",34.093,12.366,6.15,0.397940008672038
"784088",34.131,12.352,6.08,0.387389826338729
"784090",34.156,12.339,6.17,0.387389826338729
"784093",34.124,12.349,6.12,0.361727836017593
"784097",34.139,12.345,6.06,0.334453751150931
"784099",34.139,12.342,6.07,0.307496037913213
"784101",34.145,12.333,6.16,0.352182518111362
"784103",34.155,12.331,6.03,0.334453751150931
"784106",34.192,12.312,6.03,0.40823996531185
"784108",34.194,12.311,5.98,0.324282455297693
"784110",34.188,12.315,6.03,0.338456493604605
"784112",34.238,12.308,6.04,0.332438459915605
"784115",34.257,12.301,5.97,0.326335860928751
"784118",34.276,12.29,6.02,0.399673721481038
"784120",34.263,12.289,6.05,0.342422680822206
"784123",34.307,12.278,6.03,0.330413773349191
"784125",34.236,12.282,5.96,0.298853076409707
"784128",34.319,12.258,5.98,0.292256071356476
"784131",34.264,12.277,6,0.28330122870355
"784133",34.256,12.289,5.98,0.260071387985075
"784135",34.275,12.287,5.97,0.252853030979893
"784137",34.337,12.26,6.08,0.315970345456918
"784140",34.318,12.278,6.14,0.257678574869184
"784143",34.303,12.289,6.14,0.320146286111054
"784145",34.308,12.287,6.22,0.2405492482826
"784147",34.292,12.295,6.22,0.252853030979893
"784150",34.268,12.313,6.23,0.230448921378274
"784153",34.275,12.318,6.23,0.292256071356476
"784155",34.274,12.318,6.23,0.220108088040055
"784157",34.281,12.338,6.12,0.252853030979893
"784160",34.281,12.352,6.21,0.269512944217916
"784162",34.289,12.424,6.49,0.232996110392154
"784165",34.277,12.37,6.16,0.222716471147583
"784168",34.271,12.367,6.19,0.262451089730429
"784170",34.234,12.37,6.18,0.220108088040055
"784172",34.161,12.417,6.13,0.220108088040055
"784174",34.128,12.459,6.06,0.296665190261531
"784176",34.134,12.447,6.14,0.363611979892144
"784178",34.183,12.424,6.24,0.250420002308894
"784181",34.201,12.433,6.25,0.301029995663981
"784184",34.21,12.482,6.29,0.260071387985075
"784186",34.197,12.559,6.32,0.322219294733919
"784188",34.252,12.514,6.46,0.252853030979893
"784191",34.257,12.517,6.54,0.278753600952829
"784194",34.239,12.571,6.54,0.296665190261531
"784196",34.278,12.464,6.34,0.338456493604605
"784199",34.328,12.422,6.27,0.328379603438738
"784201",34.437,12.359,6.31,0.328379603438738
"784203",34.358,12.371,6.27,0.334453751150931
"784205",34.362,12.386,6.29,0.367355921026019
"784208",34.34,12.398,6.23,0.352182518111362
"784210",34.435,12.308,6.19,0.296665190261531
"784213",34.406,12.318,6.22,0.359835482339888
"784215",34.369,12.344,6.16,0.369215857410143
"784217",34.401,12.29,6.14,0.431363764158987
"784219",34.39,12.297,6.12,0.539076098792777
"784221",34.35,12.318,6.06,0.436162647040756
"784223",34.36,12.318,6.22,0.389166084364532
"784225",34.361,12.311,5.93,0.394451680826216
"784227",34.348,12.314,6.27,0.394451680826216
"784230",34.32,12.32,6.27,0.397940008672038
"784232",34.33,12.311,6.23,0.434568904034199
"784234",34.348,12.291,6.18,0.419955748489758
"784237",34.323,12.308,6.2,0.369215857410143
"784239",34.296,12.301,6.24,0.429752280002408
"784242",34.308,12.284,6.18,0.390935107103379
"784244",34.263,12.311,6.1,0.396199347095736
"784246",34.248,12.328,6.18,0.424881636631067
"784249",34.25,12.328,6.22,0.397940008672038
"784251",34.225,12.33,6.25,0.401400540781544
"784253",34.205,12.335,6.12,0.436162647040756
"784256",34.184,12.338,6.14,0.450249108319361
"784259",34.227,12.324,6,0.399673721481038
"784262",34.25,12.313,6.1,0.311753861055754
"784264",34.25,12.264,6.09,0.376576957056512
"784266",34.241,12.278,6.15,0.357934847000454
"784269",34.248,12.276,6.13,0.397940008672038
"784272",34.274,12.298,6.14,0.361727836017593
"784274",34.32,12.284,6.14,0.465382851448418
"784276",34.289,12.278,6.12,0.376576957056512
"784278",34.281,12.272,6.08,0.3654879848909
"784281",34.293,12.268,6.04,0.382017042574868
"784283",34.31,12.258,6.03,0.372912002970107
"784285",34.315,12.261,6.08,0.350248018334163
"784288",34.339,12.253,6.09,0.350248018334163
"784291",34.324,12.248,6.07,0.334453751150931
"784293",34.338,12.246,6.03,0.315970345456918
"784295",34.356,12.244,6.08,0.296665190261531
"784297",34.36,12.244,6.09,0.344392273685111
"784300",34.355,12.238,6.01,0.322219294733919
"784303",34.346,12.252,6.02,0.2405492482826
"784305",34.351,12.271,6.11,0.292256071356476
"784308",34.358,12.285,6.14,0.28330122870355
"784310",34.337,12.288,6.23,0.344392273685111
"784312",34.334,12.293,6.05,0.290034611362518
"784316",34.347,12.302,6.14,0.311753861055754
"784318",34.345,12.295,6.24,0.267171728403014
"784320",34.34,12.31,6.27,0.247973266361807
"784322",34.341,12.33,6.29,0.20682587603185
"784324",34.338,12.332,6.26,0.243038048686294
"784327",34.338,12.358,6.37,0.238046103128795
"784329",34.357,12.394,6.3,0.212187604403958
"784332",34.348,12.408,6.29,0.230448921378274
"784334",34.34,12.407,6.35,0.344392273685111
"784336",34.29,12.43,6.42,0.307496037913213
"784339",34.223,12.413,6.31,0.348304863048161
"784341",34.205,12.421,6.28,0.354108439147401
"784343",34.211,12.421,6.27,0.376576957056512
"784345",34.202,12.417,6.25,0.356025857193123
"784347",34.251,12.437,6.3,0.264817823009536
"784349",34.273,12.468,6.32,0.296665190261531
"784352",34.273,12.493,6.35,0.285557309007774
"784354",34.266,12.484,6.38,0.305351369446624
"784356",34.275,12.446,6.26,0.305351369446624
"784359",34.271,12.459,6.29,0.264817823009536
"784361",34.266,12.467,6.38,0.363611979892144
"784364",34.282,12.539,6.41,0.369215857410143
"784366",34.306,12.481,6.34,0.372912002970107
"784368",34.308,12.484,6.37,0.324282455297693
"784370",34.34,12.445,6.37,0.357934847000454
"784372",34.371,12.411,6.3,0.356025857193123
"784374",34.341,12.441,6.31,0.33645973384853
"784376",34.405,12.353,6.26,0.363611979892144
"784379",34.412,12.359,6.29,0.372912002970107
"784381",34.388,12.377,6.3,0.409933123331295
"784383",34.456,12.321,6.22,0.385606273598312
"784385",34.452,12.321,6.19,0.359835482339888
"784387",34.389,12.354,6.28,0.344392273685111
"784389",34.409,12.328,6.26,0.432969290874406
"784391",34.379,12.352,6.19,0.439332693830263
"784394",34.366,12.356,6.27,0.450249108319361
"784397",34.362,12.349,6.16,0.406540180433955
"784399",34.372,12.34,6.23,0.418301291319745
"784402",34.371,12.331,6.29,0.426511261364575
"784404",34.367,12.325,6.28,0.442479769064449
"784407",34.366,12.318,6.24,0.418301291319745
"784409",34.361,12.314,6.19,0.383815365980431
"784412",34.376,12.303,6.21,0.390935107103379
"784414",34.373,12.299,6.21,0.298853076409707
"784417",34.372,12.301,6.19,0.372912002970107
"784420",34.367,12.274,6.19,0.33645973384853
"784422",34.347,12.262,6.18,0.313867220369153
"784424",34.322,12.315,6.21,0.419955748489758
"784427",34.193,12.366,6.28,0.478566495593843
"784430",34.167,12.373,6.16,0.474216264076255
"784432",34.162,12.373,6.08,0.436162647040756
"784434",34.191,12.373,6.11,0.487138375477186
"784437",34.244,12.339,6.12,0.320146286111054
"784439",34.218,12.303,6.15,0.440909082065218
"784441",34.252,12.273,6.04,0.332438459915605
"784444",34.272,12.284,6.11,0.298853076409707
"784446",34.271,12.308,6.11,0.385606273598312
"784448",34.256,12.319,6.13,0.326335860928751
"784450",34.269,12.3,6.04,0.429752280002408
"784453",34.266,12.291,5.98,0.344392273685111
"784455",34.282,12.291,6.07,0.352182518111362
"784457",34.285,12.285,6.01,0.447158031342219
"784459",34.29,12.294,5.99,0.33645973384853
"784461",34.355,12.284,5.94,0.27415784926368
"784463",34.344,12.276,6,0.361727836017593
"784466",34.36,12.27,5.96,0.296665190261531
"784469",34.316,12.278,6.03,0.264817823009536
"784471",34.347,12.261,6.03,0.225309281725863
"784473",34.363,12.305,6.13,0.217483944213906
"784476",34.359,12.305,6.06,0.313867220369153
"784479",34.362,12.307,6.07,0.225309281725863
"784481",34.339,12.338,6.14,0.230448921378274
"784483",34.309,12.354,6.28,0.257678574869184
"784486",34.316,12.362,6.09,0.271841606536499
"784488",34.318,12.369,6.19,0.235528446907549
"784490",34.318,12.377,6.18,0.294466226161593
"784492",34.32,12.373,6.28,0.292256071356476
"784494",34.256,12.399,6.34,0.322219294733919
"784496",34.256,12.407,6.34,0.352182518111362
"784498",34.27,12.422,6.26,0.307496037913213
"784500",34.27,12.417,6.25,0.28330122870355
"784503",34.291,12.415,6.29,0.33645973384853
"784506",34.272,12.422,6.3,0.269512944217916
"784508",34.235,12.435,6.35,0.294466226161593
"784511",34.186,12.442,6.28,0.397940008672038
"784513",34.132,12.453,6.31,0.399673721481038
"784515",34.102,12.463,6.14,0.376576957056512
"784518",34.097,12.471,6.07,0.406540180433955
"784520",34.128,12.464,6.21,0.460897842756548
"784522",34.143,12.459,6.2,0.376576957056512
"784525",34.19,12.452,6.19,0.294466226161593
"784527",34.206,12.471,6.24,0.315970345456918
"784529",34.194,12.475,6.26,0.3654879848909
"784532",34.178,12.489,6.5,0.423245873936808
"784534",34.213,12.455,6.22,0.301029995663981
"784536",34.182,12.46,6.22,0.378397900948138
"784538",34.191,12.458,6.27,0.472756449317212
"784540",34.199,12.448,6.28,0.484299839346786
"784542",34.226,12.438,6.21,0.359835482339888
"784544",34.239,12.431,6.25,0.471291711058939
"784547",34.201,12.459,6.29,0.3654879848909
"784549",34.191,12.445,6.29,0.494154594018443
"784551",34.224,12.427,6.24,0.346352974450639
"784553",34.223,12.422,6.27,0.383815365980431
"784556",34.299,12.376,6.21,0.382017042574868
"784558",34.294,12.362,6.18,0.4983105537896
"784561",34.283,12.366,6.15,0.424881636631067
"784563",34.256,12.377,6.17,0.385606273598312
"784565",34.214,12.389,6.24,0.491361693834273
"784568",34.201,12.384,6.34,0.477121254719662
"784571",34.198,12.379,6.17,0.506505032404872
"784573",34.213,12.376,6.33,0.523746466811564
"784575",34.156,12.374,6.31,0.507855871695831
"784577",34.071,12.395,6.24,0.528916700277655
"784580",34.078,12.385,6.09,0.390935107103379
"784582",34.086,12.379,6.11,0.340444114840118
"784584",33.897,12.404,6.17,0.380211241711606
"784587",33.897,12.41,6.19,0.469822015978163
"784589",33.874,12.41,6.17,0.363611979892144
"784591",33.812,12.413,6.17,0.399673721481038
"784593",33.767,12.419,6.18,0.416640507338281
"784595",33.701,12.43,6.11,0.484299839346786
"784598",33.611,12.442,6.2,0.505149978319906
"784601",33.507,12.466,6.07,0.535294120042771
"784603",33.497,12.473,6.11,0.45178643552429
"784605",33.536,12.47,6.09,0.484299839346786
"784607",33.628,12.456,6.11,0.390935107103379
"784610",33.692,12.429,6.15,0.367355921026019
"784613",33.883,12.403,6.09,0.397940008672038
"784615",33.887,12.379,6.1,0.423245873936808
"784617",33.863,12.389,6.11,0.330413773349191
"784620",33.921,12.383,6.01,0.342422680822206
"784622",33.988,12.377,6.01,0.390935107103379
"784624",33.961,12.382,6.04,0.367355921026019
"784627",33.891,12.392,6.05,0.301029995663981
"784629",34.093,12.345,6.02,0.3654879848909
"784632",34.066,12.383,6.15,0.445604203273598
"784634",34.157,12.358,6.19,0.330413773349191
"784636",34.074,12.376,6.17,0.45484486000851
"784638",34.111,12.376,6.15,0.287801729930226
"784640",34.238,12.349,6.17,0.374748346010104
"784643",34.22,12.359,6.18,0.311753861055754
"784645",34.133,12.378,6.2,0.287801729930226
"784648",34.201,12.369,6.2,0.303196057420489
"784650",34.264,12.352,6.16,0.307496037913213
"784652",33.954,12.431,6.29,0.346352974450639
"784654",33.996,12.445,6.22,0.298853076409707
"784657",33.958,12.436,6.19,0.354108439147401
"784659",33.916,12.481,6.26,0.255272505103306
"784662",33.892,12.574,6.27,0.276461804173244
"784664",33.907,12.566,6.32,0.371067862271736
"784666",33.916,12.587,6.38,0.397940008672038
"784668",33.91,12.598,6.47,0.401400540781544
"784671",33.9,12.628,6.56,0.318063334962762
"784673",33.888,12.594,6.3,0.378397900948138
"784675",33.869,12.609,6.3,0.262451089730429
"784677",33.835,12.639,6.33,0.27415784926368
"784680",33.818,12.685,6.34,0.348304863048161
"784682",33.841,12.658,6.27,0.392696953259666
"784684",33.892,12.647,6.27,0.440909082065218
"784687",33.913,12.629,6.32,0.354108439147401
"784689",33.923,12.615,6.36,0.477121254719662
"784692",34.017,12.544,6.34,0.424881636631067
"784695",34.03,12.546,6.32,0.357934847000454
"784697",34.086,12.508,6.31,0.298853076409707
"784699",34.135,12.537,6.35,0.363611979892144
"784702",34.203,12.491,6.32,0.346352974450639
"784704",34.185,12.469,6.28,0.394451680826216
"784707",34.086,12.638,6.49,0.390935107103379
"784710",34.239,12.452,6.28,0.313867220369153
"784713",34.343,12.362,6.2,0.389166084364532
"784715",34.222,12.44,6.2,0.385606273598312
"784717",34.289,12.404,6.17,0.350248018334163
"784719",34.405,12.334,6.12,0.330413773349191
"784721",34.35,12.322,6.09,0.466867620354109
"784725",34.41,12.315,6.07,0.332438459915605
"784727",34.204,12.441,6.24,0.432969290874406
"784729",34.251,12.396,6.14,0.3654879848909
"784733",34.327,12.352,6.13,0.3654879848909
"784735",34.34,12.352,6.09,0.296665190261531
"784737",34.288,12.358,6.12,0.320146286111054
"784740",34.228,12.39,6.17,0.406540180433955
"784742",34.255,12.382,6.13,0.429752280002408
"784744",34.018,12.481,6.22,0.399673721481038
"784747",34.03,12.476,6.25,0.387389826338729
"784749",34.041,12.467,6.16,0.406540180433955
"784752",34.021,12.468,6.17,0.480006942957151
"784754",34.022,12.459,6.17,0.387389826338729
"784756",34.036,12.449,6.19,0.406540180433955
"784759",33.919,12.505,6.22,0.488550716500444
"784761",33.884,12.524,6.23,0.431363764158987
"784763",33.88,12.521,6.2,0.413299764081252
"784766",33.86,12.529,6.24,0.469822015978163
"784768",33.812,12.548,6.25,0.439332693830263
"784771",33.814,12.547,6.29,0.527629900871339
"784773",33.757,12.569,6.21,0.495544337546448
"784775",33.774,12.565,6.16,0.444044795918076
"784777",33.727,12.561,6.18,0.385606273598312
"784779",33.832,12.537,6.19,0.440909082065218
"784782",33.872,12.515,6.18,0.392696953259666
"784784",33.985,12.483,6.16,0.457881896733992
"784786",34.025,12.463,6.18,0.385606273598312
"784788",34.049,12.452,6.17,0.428134794028789
"784791",34.198,12.4,6.09,0.287801729930226
"784794",34.217,12.386,6.07,0.352182518111362
"784796",34.314,12.349,6.08,0.382017042574868
"784798",34.218,12.393,6.04,0.356025857193123
"784800",34.238,12.381,6.01,0.287801729930226
"784803",34.281,12.356,6.01,0.28330122870355
"784805",34.32,12.346,6.07,0.330413773349191
"784808",34.353,12.329,6.12,0.340444114840118
"784810",34.358,12.379,6.07,0.287801729930226
"784813",34.299,12.349,6.07,0.292256071356476
"784815",34.276,12.358,6.1,0.276461804173244
"784818",34.131,12.447,6.2,0.392696953259666
"784820",34.132,12.44,6.18,0.311753861055754
"784822",34.196,12.406,6.14,0.260071387985075
"784825",34.058,12.473,6.26,0.414973347970818
"784827",34.033,12.482,6.27,0.447158031342219
"784829",34.002,12.5,6.25,0.41161970596323
"784831",33.993,12.497,6.25,0.457881896733992
"784834",33.971,12.511,6.3,0.406540180433955
"784836",33.962,12.522,6.29,0.487138375477186
"784838",33.957,12.529,6.28,0.392696953259666
"784841",33.976,12.525,6.26,0.401400540781544
"784843",33.894,12.563,6.35,0.502427119984433
"784845",33.874,12.577,6.38,0.603144372620182
"784848",33.879,12.577,6.37,0.523746466811564
"784850",33.87,12.585,6.34,0.492760389026837
"784853",33.869,12.591,6.36,0.414973347970818
"784855",33.868,12.618,6.32,0.550228353055094
"784857",33.865,12.609,6.31,0.574031267727719
"784861",33.859,12.61,6.22,0.6414741105041
"784863",33.864,12.605,6.2,0.54282542695918
"784866",33.89,12.594,6.24,0.503790683057181
"784868",33.902,12.599,6.29,0.428134794028789
"784870",33.915,12.602,6.31,0.397940008672038
"784873",33.927,12.597,6.32,0.540329474790874
"784876",34.112,12.497,6.23,0.456366033129043
"784878",34.028,12.523,6.25,0.392696953259666
"784880",34.071,12.511,6.24,0.457881896733992
"784882",33.991,12.563,6.3,0.457881896733992
"784884",33.979,12.589,6.38,0.600972895686748
"784886",34.022,12.578,6.39,0.556302500767287
"784888",34.062,12.542,6.31,0.52244423350632
"784891",34.126,12.506,6.31,0.424881636631067
"784893",34.214,12.463,6.28,0.419955748489758
"784895",34.091,12.562,6.34,0.426511261364575
"784898",34.265,12.417,6.2,0.403120521175818
"784901",34.286,12.406,6.25,0.45178643552429
"784903",34.254,12.419,6.25,0.397940008672038
"784905",34.265,12.424,6.22,0.474216264076255
"784907",34.235,12.44,6.17,0.462397997898956
"784909",34.146,12.467,6.26,0.437750562820388
"784911",34.062,12.519,6.27,0.57287160220048
"784913",34.111,12.548,6.18,0.439332693830263
"784916",34.127,12.517,6.18,0.406540180433955
"784918",34.135,12.485,6.22,0.45484486000851
"784921",34.13,12.49,6.22,0.472756449317212
"784923",34.129,12.491,6.18,0.409933123331295
"784925",34.114,12.495,6.15,0.406540180433955
"784927",34.117,12.496,6.14,0.369215857410143
"784930",34.117,12.494,6.18,0.437750562820388
"784932",34.126,12.488,6.19,0.292256071356476
"784934",34.125,12.489,6.18,0.383815365980431
"784936",34.05,12.53,6.22,0.466867620354109
"784939",34.049,12.533,6.19,0.489958479424835
"784941",34.038,12.539,6.2,0.431363764158987
"784943",34.026,12.546,6.15,0.421603926869831
"784946",34.01,12.556,6.17,0.428134794028789
"784949",34.008,12.558,6.19,0.431363764158987
"784951",34.009,12.553,6.18,0.477121254719662
"784954",34.01,12.554,6.15,0.471291711058939
"784956",34.013,12.553,6.2,0.33645973384853
"784958",34.032,12.548,6.17,0.40823996531185
"784960",34.027,12.546,6.18,0.423245873936808
"784963",34.034,12.548,6.19,0.484299839346786
"784965",34.068,12.528,6.16,0.437750562820388
"784968",34.077,12.528,6.18,0.414973347970818
"784971",34.134,12.494,6.18,0.27415784926368
"784973",34.15,12.494,6.18,0.278753600952829
"784975",34.255,12.458,6.16,0.214843848047698
"784978",34.22,12.495,6.14,0.28330122870355
"784981",34.29,12.431,6.14,0.235528446907549
"784983",34.3,12.451,6.09,0.230448921378274
"784985",34.237,12.505,6.12,0.262451089730429
"784988",34.305,12.48,6.11,0.298853076409707
"784990",34.378,12.414,6.13,0.235528446907549
"784992",34.426,12.383,6.12,0.195899652409234
"784994",34.449,12.38,6.14,0.243038048686294
"784996",34.23,12.52,6.22,0.195899652409234
"784998",34.121,12.685,6.25,0.247973266361807
"785001",34.106,12.66,6.25,0.193124598354462
"785004",34.143,12.7,6.24,0.28330122870355
"785006",33.997,12.771,6.35,0.298853076409707
"785008",33.963,12.807,6.33,0.257678574869184
"785011",33.964,12.795,6.38,0.298853076409707
"785012",33.904,12.87,6.38,0.296665190261531
"785014",33.908,12.883,6.43,0.354108439147401
"785016",33.906,12.898,6.45,0.346352974450639
"785018",33.917,12.901,6.46,0.40823996531185
"785021",33.847,12.93,6.51,0.367355921026019
"785023",33.834,12.953,6.54,0.403120521175818
"785025",33.82,12.982,6.54,0.445604203273598
"785027",33.823,12.98,6.5,0.396199347095736
"785029",33.822,12.975,6.57,0.530199698203082
"785032",33.801,13,6.63,0.469822015978163
"785035",33.797,13.002,6.66,0.466867620354109
"785038",33.777,13.008,6.65,0.459392487759231
"785040",33.784,13.012,6.65,0.534026106056135
"785043",33.794,13.028,6.72,0.4983105537896
"785045",33.797,13.031,6.73,0.481442628502305
"785048",33.8,13.008,6.7,0.503790683057181
"785050",33.958,12.829,6.53,0.559906625036113
"785052",33.979,12.798,6.46,0.390935107103379
"785054",33.978,12.817,6.52,0.450249108319361
"785057",34.012,12.79,6.52,0.318063334962762
"785060",34.087,12.689,6.38,0.387389826338729
"785062",34.192,12.593,6.32,0.315970345456918
"785064",34.119,12.638,6.35,0.514547752660286
"785067",34.149,12.628,6.29,0.311753861055754
"785069",34.2,12.619,6.23,0.287801729930226
"785071",34.267,12.513,6.17,0.436162647040756
"785072",34.317,12.473,6.15,0.356025857193123
"785074",34.298,12.487,6.17,0.374748346010104
"785076",34.371,12.458,6.16,0.418301291319745
"785078",34.46,12.382,6.18,0.278753600952829
"785080",34.336,12.463,6.19,0.315970345456918
"785083",34.125,12.548,6.24,0.367355921026019
"785085",34.161,12.556,6.24,0.404833716619938
"785088",34.205,12.522,6.18,0.389166084364532
"785091",33.994,12.695,6.39,0.385606273598312
"785094",33.907,12.745,6.42,0.357934847000454
"785097",33.86,12.773,6.41,0.390935107103379
"785099",33.982,12.693,6.29,0.383815365980431
"785101",33.879,12.754,6.4,0.363611979892144
"785103",33.836,12.787,6.42,0.340444114840118
"785105",33.655,12.894,6.49,0.397940008672038
"785108",33.684,12.874,6.46,0.414973347970818
"785110",33.718,12.847,6.48,0.311753861055754
"785112",33.662,12.879,6.54,0.315970345456918
"785114",33.56,12.928,6.6,0.392696953259666
"785117",33.53,12.929,6.6,0.431363764158987
"785119",33.513,12.939,6.6,0.369215857410143
"785121",33.452,12.963,6.5,0.447158031342219
"785124",33.388,13.006,6.54,0.371067862271736
"785126",33.369,13.02,6.47,0.376576957056512
"785128",33.362,13.019,6.45,0.307496037913213
"785130",33.369,13.012,6.47,0.330413773349191
"785133",33.476,12.935,6.44,0.318063334962762
"785135",33.618,12.859,6.38,0.348304863048161
"785137",33.898,12.734,6.34,0.309630167425899
"785140",33.772,12.807,6.43,0.324282455297693
"785143",33.679,12.867,6.52,0.397940008672038
"785146",33.656,12.898,6.56,0.342422680822206
"785148",33.628,12.956,6.58,0.350248018334163
"785151",33.579,13.074,6.61,0.354108439147401
"785153",33.621,13.051,6.61,0.385606273598312
"785156",33.626,13.122,6.62,0.281033367247728
"785158",33.823,12.876,6.48,0.217483944213906
"785161",33.822,12.875,6.53,0.2405492482826
"785163",34.019,12.752,6.5,0.372912002970107
"785165",34.017,12.762,6.43,0.255272505103306
"785169",34.171,12.704,6.38,0.262451089730429
"785171",34.189,12.806,6.4,0.225309281725863
"785173",33.357,13.433,6.62,0.238046103128795
"785175",32.554,13.951,6.69,0.222716471147583
"785178",32.771,13.863,6.55,0.201397124320451
"785181",32.697,13.83,6.5,0.184691430817599
"785184",32.447,13.915,6.5,0.305351369446624
"785186",32.62,13.83,6.56,0.501059262217751
"785188",32.687,13.947,6.59,0.440909082065218
"785190",32.792,13.873,6.6,0.434568904034199
"785193",32.793,13.915,6.69,0.532754378992498
"785196",32.873,13.885,6.77,0.653212513775344
"785198",32.594,14.025,6.8,0.489958479424835
"785200",32.561,14.073,6.88,0.510545010206612
"785203",33.214,13.516,6.67,0.517195897949974
"785207",33.161,13.529,6.64,0.344392273685111
"785209",32.991,13.721,6.8,0.294466226161593
"785211",33.072,13.637,6.66,0.342422680822206
"785213",33.099,13.509,6.65,0.363611979892144
"785215",33.077,13.49,6.62,0.338456493604605
"785217",33.173,13.487,6.71,0.363611979892144
"785219",33.318,13.279,6.75,0.404833716619938
"785221",33.3,13.358,6.81,0.397940008672038
"785223",33.586,13.179,6.65,0.460897842756548
"785225",33.872,12.904,6.53,0.334453751150931
"785227",33.845,12.897,6.58,0.296665190261531
"785229",33.618,13.113,6.69,0.426511261364575
"785232",33.904,12.817,6.48,0.469822015978163
"785234",33.911,12.847,6.55,0.301029995663981
"785236",33.779,12.96,6.61,0.271841606536499
"785238",34.251,12.6,6.28,0.294466226161593
"785241",34.129,12.674,6.35,0.324282455297693
"785244",34.266,12.599,6.31,0.330413773349191
"785248",34.353,12.516,6.27,0.269512944217916
"785250",34.321,12.565,6.29,0.392696953259666
"785252",34.338,12.587,6.28,0.390935107103379
"785254",34.275,12.533,6.28,0.324282455297693
"785257",34.33,12.598,6.27,0.309630167425899
"785261",34.272,12.583,6.25,0.453318340047038
"785263",33.662,12.979,6.54,0.509202522331103
"785265",33.391,13.277,6.5,0.285557309007774
"785267",33.453,13.199,6.45,0.326335860928751
"785270",33.453,13.167,6.37,0.318063334962762
"785272",33.267,13.261,6.42,0.389166084364532
"785275",33.305,13.286,6.44,0.494154594018443
"785277",33.346,13.233,6.38,0.531478917042255
"785279",33.265,13.273,6.47,0.460897842756548
"785281",33.172,13.313,6.46,0.577491799837225
"785283",33.213,13.298,6.51,0.403120521175818
"785285",33.267,13.26,6.52,0.352182518111362
"785287",33.141,13.267,6.53,0.326335860928751
"785290",33.312,13.175,6.6,0.227886704613674
"785292",33.416,13.153,6.4,0.326335860928751
"785294",33.298,13.212,6.32,0.230448921378274
"785296",33.347,13.213,6.32,0.214843848047698
"785298",33.506,13.141,6.37,0.214843848047698
"785300",33.398,13.171,6.34,0.2405492482826
"785302",33.556,13.072,6.36,0.28330122870355
"785304",33.696,12.998,6.39,0.301029995663981
"785308",33.869,12.897,6.41,0.357934847000454
"785310",33.917,12.843,6.43,0.271841606536499
"785312",33.942,12.813,6.48,0.2405492482826
"785314",33.893,12.866,6.51,0.269512944217916
"785316",33.9,12.839,6.48,0.278753600952829
"785319",34.221,12.629,6.36,0.328379603438738
"785321",34.326,12.562,6.33,0.340444114840118
"785323",34.476,12.473,6.31,0.330413773349191
"785326",34.448,12.478,6.34,0.382017042574868
"785328",34.387,12.537,6.34,0.387389826338729
"785331",34.401,12.519,6.34,0.305351369446624
"785333",34.431,12.536,6.32,0.281033367247728
"785335",34.501,12.456,6.3,0.385606273598312
"785338",34.527,12.441,6.33,0.267171728403014
"785341",34.449,12.517,6.35,0.14921911265538
"785343",34.43,12.544,6.38,0.178976947293169
"785347",34.38,12.66,6.46,0.260071387985075
"785349",34.47,12.594,6.43,0.230448921378274
"785351",34.311,12.632,6.39,0.20682587603185
"785353",34.045,12.87,6.54,0.262451089730429
"785355",33.957,12.905,6.55,0.278753600952829
"785357",33.937,12.996,6.58,0.318063334962762
"785359",33.844,13.035,6.61,0.260071387985075
"785361",33.806,13.126,6.56,0.434568904034199
"785363",33.741,13.184,6.6,0.290034611362518
"785366",33.737,13.201,6.59,0.318063334962762
"785368",33.722,13.221,6.64,0.320146286111054
"785371",33.737,13.187,6.69,0.429752280002408
"785373",33.754,13.149,6.61,0.352182518111362
"785375",33.751,13.145,6.74,0.59659709562646
"785377",33.77,13.133,6.64,0.371067862271736
"785380",33.798,13.096,6.6,0.322219294733919
"785382",33.793,13.132,6.74,0.338456493604605
"785386",33.977,12.925,6.58,0.376576957056512
"785388",34.092,12.81,6.52,0.492760389026837
"785390",34.112,12.793,6.51,0.357934847000454
"785392",34.154,12.751,6.44,0.212187604403958
"785395",34.238,12.671,6.41,0.257678574869184
"785397",34.316,12.632,6.36,0.184691430817599
"785399",34.322,12.61,6.36,0.403120521175818
"785401",34.292,12.62,6.35,0.243038048686294
"785404",34.294,12.615,6.35,0.276461804173244
"785406",34.364,12.588,6.34,0.324282455297693
